imageid,meta,url,downloadAttempts
89b3d4d4e0889f740b2fe0ad0a0e9012b6df73abd1d4b9bae73d52d7c0309643,,https://media.shalion.com/visibility-screenshots/www.amazon.es/2025-05-17/b7d69ff2-fb2a-4291-9cf9-d277f492896e.png,
a383fa1141fa37f6c0645a19d5f94d1d7fdf202f23886801b1d472f241f92e14,,https://media.shalion.com/visibility-screenshots/www.amazon.es/2025-05-17/b84bf0ed-aa58-40f5-a225-a783f2aae91e.png,
91b769e14ab5d14a70767a6f26bca429b980709530b3933f7bd849b48f6ae506,,https://media.shalion.com/visibility-screenshots/www.amazon.es/2025-05-17/fcf4762b-c9fb-40b6-8aad-9c6fcaefd8d8.png,
addb9683910c1bf196cd154e6786f216286cf34c1a1c367fe4bfad9295eadb9f,,https://media.shalion.com/visibility-screenshots/www.amazon.es/2025-05-17/0056978d-d5de-4754-8a17-0dc04595dc2a.png,
8ecfd71be1d520c7f4abd160e74aeeb110734e39498c0a0603c3c736fb853be8,,https://media.shalion.com/visibility-screenshots/www.amazon.es/2025-05-17/804df032-1b49-4e6a-afdf-10c7deed9d87.png,
7d89f5e8e0b5470e87fa832d0301074b54a7175fb1265c17b7b4340b093fe0f6,,https://media.shalion.com/visibility-screenshots/www.amazon.es/2025-05-17/793d2b16-ed51-4340-adf8-b7f2d0c08498.png,
9143089820b7e7b599efc6441ff4398602036916df3f9efbc1d99131bb84db3f,,https://media.shalion.com/visibility-screenshots/www.amazon.es/2025-05-17/05830eb9-ac79-4040-b4b5-0c1e18e70a38.png,
96d3917d99db5eca62f4242d50afc3165c21dd9f7eab11b2620c1b13ae5af2f0,,https://media.shalion.com/visibility-screenshots/www.amazon.es/2025-05-17/a6fb407f-2d41-4992-ab6d-eb0c515b0378.png,
9bbbe398a0fdbcb52776874d69d89a07bd7ea698036f38c61472c0c28dcbd87b,,https://media.shalion.com/visibility-screenshots/www.amazon.es/2025-05-17/21a4c65a-599a-43b7-87dc-34d91911f767.png,
8ebbef93b26fbd388b1cdc8a8e3e897fad9aadf8eab623221073b28c45ee837e,,https://media.shalion.com/visibility-screenshots/www.amazon.es/2025-05-17/cca65b42-8574-4bb9-9145-ced25f62673e.png,
98bc9a556a25bda8b6c814d0312dcacb13b495b483159c015d68e29a06ba0ad7,,https://media.shalion.com/visibility-screenshots/www.amazon.es/2025-05-17/2d0247cd-ebfb-4987-bea3-03a7d8ba7020.png,
83cd4f0134e5dd901ea820cce263b92edebc833eae1162119822e07949aa1d12,,https://media.shalion.com/visibility-screenshots/www.amazon.es/2025-05-17/d3992595-5a50-4140-bf71-f3b4b94fb202.png,
c7f03ecd2e30b338c63e14a9da3a921354c237a7dbe8ab8c3a6676bab1a382b2,,https://media.shalion.com/visibility-screenshots/www.amazon.es/2025-05-17/133e2283-31e0-411e-a1ea-f0842dab9d9d.png,
b1abc87533e235f367c96406522c1f174cf124805b4e023d83f9c2fc1b4a85f1,,https://media.shalion.com/visibility-screenshots/www.amazon.es/2025-05-17/115998d5-01e7-45f3-abfc-612de4ab5925.png,
9f32a49dda729ea80c10d194357db446c2ed52aa40e2dfed4dba526447baa701,,https://media.shalion.com/visibility-screenshots/www.amazon.es/2025-05-17/1d65d4e2-0854-4fac-bcd9-e730ca103c8e.png,
87c32a654040bbfbe451b0410b0ce2d571fe6b64b22f65c9ff36ce08a4a3350b,,https://media.shalion.com/visibility-screenshots/www.amazon.es/2025-05-17/1ffe3cf0-b711-4d45-aa4d-0204acf37d79.png,
96984b3ece2a7f75237528b12e260f881f33325fa9315cd725a9132ec18646d9,,https://media.shalion.com/visibility-screenshots/www.amazon.es/2025-05-17/9abab8ea-edcc-40a5-aeef-b67f7fb723d3.png,
c19695b1826e7b217f133ac0ef5945b55a7b237840942e17e44a7ee73426e814,,https://media.shalion.com/visibility-screenshots/www.amazon.es/2025-05-17/293f3762-ced7-4bb7-9022-54809fb28771.png,
add250119a794192d48287b26352ee4e04991f4f39f3403ddb099647bf9045fa,,"https://m.media-amazon.com/images/S/al-eu-726f4d26-7fdb/97a15ebf-1c9d-47df-99ae-3f5249825cb1._CR0,38,1200,629_SX507_CB1169409_QL70_.jpg",
a3cf87c055c1227910d0863bfd6700d92cd1850d8ec5808a4cc9359b6ebd2816,,https://media.shalion.com/visibility-screenshots/www.amazon.es/2025-05-17/f4e250d1-5e06-40fb-8694-7bfe2ad08bf9.png,
a992e0fd6f8facb20887196466f6657cb3d127bbac565dafc5edfb7a42e56d90,,https://media.shalion.com/visibility-screenshots/www.amazon.es/2025-05-17/263533c8-e3fa-426d-9ea9-281f0b5918b3.png,
c91a3cec5b9a0511f4379e543f471e6e9471b20fc7953f71166a7d3b02f199a6,,https://media.shalion.com/visibility-screenshots/www.amazon.es/2025-05-17/54f48a9d-463e-47c7-bc82-a5781ac005ce.png,
b884c3b90bc6ac298f63fe6d48d0b12d3b06b60f0f02f7bbaffa2d2b173ab31d,,https://media.shalion.com/visibility-screenshots/www.amazon.es/2025-05-17/beb77543-4978-42b7-bf3a-b7f12cc613b9.png,
b19c972a3d440406a67fdec74b586a90c4fb5ca2c91b7fc5a94d307838c133d7,,https://media.shalion.com/visibility-screenshots/www.amazon.es/2025-05-17/dc18ef48-4dac-4967-8d1a-0b173e133344.png,
9e040869ba22dbdf619165aba4d0cb2d55ffcfb9e3d58baa4024625630231ab9,,https://media.shalion.com/visibility-screenshots/www.amazon.es/2025-05-17/0fb135f9-5157-45ba-9c99-da89130d8731.png,
81d209f604109d9a0aa6f1d62968152fed36db32115928b157b4d89bc4bd63e4,,https://media.shalion.com/visibility-screenshots/www.amazon.es/2025-05-17/881ac018-ce98-47ad-b05d-3c9cd739cc87.png,
c97c0acf2fc758e0c5d2d50fef3268b586d56712357f7a78ad1c3d0a4ad2d745,,https://media.shalion.com/visibility-screenshots/www.amazon.es/2025-05-17/5d5b0595-a858-4e0b-9194-21c41a409bcb.png,
8abcc117a0cfae40ca23ff1d7cc60c06d0e4546d47c4200fc95067df83f0849f,,https://media.shalion.com/visibility-screenshots/www.amazon.es/2025-05-17/68519d3d-3d18-4ed0-b162-45901f8808be.png,
83800bdfd0b5c601e8d7e82b78950db85e8b7d76ff54fc3fa5bf262f4b7d962c,,https://media.shalion.com/visibility-screenshots/www.amazon.es/2025-05-17/b511dffc-b29b-4b22-bbad-a81ac0385c66.png,
8a184e0fdcdb659dfb9f9885fc5eb9b1c54ca7353e08a20c8ec2bd28343afd5d,,https://media.shalion.com/visibility-screenshots/www.amazon.es/2025-05-17/675457a7-21cb-4710-8e32-559943e28d61.png,
c564df11c1440a09578c412b105a31e5809c8a6fda94e3393d5dfcfd43dcfbe6,,https://media.shalion.com/visibility-screenshots/www.amazon.es/2025-05-17/91878341-ef25-4151-b985-ed0d9d7e7c4e.png,
7dd3b6772446e907dff1a41f136f72ea3d9539dabf25c0bfb646d67bf5077ba6,,"https://m.media-amazon.com/images/S/al-eu-726f4d26-7fdb/47e1f0e8-330c-4d12-9c82-1055f436c80e._CR0,38,1940,1016_SX920_CB1169409_QL70_.jpg",
a387089525ec1e315666ea3fe829c922f5e2c315c464a24353230c320a358f8d,,https://media.shalion.com/visibility-screenshots/www.amazon.es/2025-05-17/aa62bbcd-a678-4251-9106-64029ffd0b9a.png,
a2386d0ff6f8f0d7b0e365fad48072184deca3738dd5a5b5897c20f1fec3416f,,https://media.shalion.com/visibility-screenshots/www.amazon.es/2025-05-17/044b4407-b586-4416-92d7-ba380678edfa.png,
a280826d3c8a8a87956f59d013747a21c76431a6c43e84c1d3e83773b9135cdf,,https://media.shalion.com/visibility-screenshots/www.amazon.es/2025-05-17/19fb43f3-ed30-49c9-84f9-217f89903fc6.png,
c2dddbaadff826bc81b43fe653a336918fd4264ede89f73d35b5b161cd2cd2f1,,https://media.shalion.com/visibility-screenshots/www.amazon.es/2025-05-17/8377b42e-94b9-4898-8a3b-705f94baa2be.png,
976734f90d70325ce3d3b061685beb52da7c35d6f31099969a52c525a773a6ec,,https://media.shalion.com/visibility-screenshots/www.amazon.es/2025-05-17/b8ce488a-8308-4f64-ba50-84f5e15e62f5.png,
bf6dee0adf3338dacbb633c8e15562681f55c64c160355ac278cf84048d1cf69,,https://media.shalion.com/visibility-screenshots/www.amazon.es/2025-05-17/273941d8-486f-464c-923a-65e5de0fce3b.png,
b453bf3eafc35804df05a37cc919b9ae364b2374ae99bfd97c0a0501f4d6a5d1,,https://media.shalion.com/visibility-screenshots/www.amazon.es/2025-05-17/ab0ccb2c-a67d-49aa-a460-5ab9b305d952.png,
b77631918bd141973c5a779841f59ad7e829a766baf0913d36436e20e5995c5a,,https://media.shalion.com/visibility-screenshots/www.amazon.es/2025-05-17/74305d42-14ec-4d4d-bc1b-9d21c0e8e81e.png,
a7c4fa5540783b320dcc1bd63992e2576505a122a261bf245d4b293dbf414e76,,https://media.shalion.com/visibility-screenshots/www.amazon.es/2025-05-17/57a7b4d4-25bb-4334-bac8-29f9496fe810.png,
9a42444dcfc763bb68d263d8ef2e953fb14c3ee122ab5c2dfa0d3d168a3dbc3e,,https://media.shalion.com/visibility-screenshots/www.amazon.es/2025-05-17/4658bdb3-e7f9-4bd3-8b45-7ca2164303cf.png,
a16eed6056a40e82fecd12bbdb5187366d848aa77edfcd1f302074a79d52ae65,,https://media.shalion.com/visibility-screenshots/www.amazon.es/2025-05-17/99ca75ef-d5c7-4238-ada5-292564758810.png,
8c09125c75305c750be702a4a244ab3ae1462c5bf1e03887385734a661f3b455,,https://media.shalion.com/visibility-screenshots/www.amazon.es/2025-05-17/53faed3a-4af1-4049-b304-cd3da42ea348.png,
8e09c43367d483b2fa6108ad6708cac877634120b619d4bfca089b2ba2db86fc,,https://media.shalion.com/visibility-screenshots/www.amazon.es/2025-05-17/7940d928-e697-4129-afd9-0c58f40a6836.png,
a5d45bcb2ae73cb890b8d147b8dac9fb76748eeb8e765706df1bbb6951f1ad76,,https://media.shalion.com/visibility-screenshots/www.amazon.es/2025-05-17/94a4b176-c860-45ba-b394-bcf72418cbbc.png,
7b572bfb729c922a11eb7e47bc67b972dacb08af1b1678ca620c9e184f3603fe,,https://media.shalion.com/visibility-screenshots/www.amazon.es/2025-05-17/89c349ac-c165-48be-bc14-52546960c1eb.png,
8fb3cf75d75ccdd0a1d7e5a52505e7a6c9c34c8ba117604b01e0cf7c4ae36e20,,https://media.shalion.com/visibility-screenshots/www.amazon.es/2025-05-17/1af74ad3-a6cc-470e-a495-b02953fb61a3.png,
7f25605599247e0ff45d3773284252782a8f2a97d110c777afbab741b0b5d6bb,,https://media.shalion.com/visibility-screenshots/www.amazon.es/2025-05-17/56747415-de7f-4ea5-8d6d-6e9742f0c833.png,
bf30ebcb6561a5ae945c9dcb6d520a58fda040f52aaa56cc7f986ea321f44cdb,,https://media.shalion.com/visibility-screenshots/www.amazon.es/2025-05-17/80a102be-7c56-443e-a37e-3d8e0c105d0c.png,
9855c9b2a2cffdf00527a627aee0488c9fbdc1dbb7882c54b813976cd755194f,,https://media.shalion.com/visibility-screenshots/www.amazon.es/2025-05-17/9a5282cf-d39e-4777-81e2-fb83463d1e2d.png,
aa6a9a29d33bb17bbf07ca6004b0af24b629f57fd02899bb4770dc9eab8686eb,,https://media.shalion.com/visibility-screenshots/www.amazon.es/2025-05-17/f77f3aad-8dd0-484f-8890-15b4deadfcd3.png,
7cdcee389ded5d6471243311ea1b67db0df58c35641a8d3d26212780c7adf64f,,https://media.shalion.com/visibility-screenshots/www.amazon.es/2025-05-17/0a305e57-d7d4-455e-a559-8950597565af.png,
9914d1643e2e51bc419d88bb2985621c51ef30f08cb11365912ec96b81f92a4c,,https://media.shalion.com/visibility-screenshots/www.amazon.es/2025-05-17/eee9e788-b60b-4eb3-a840-fa367c57fa3d.png,
8708e412c4c2635fea4fda6136593bef9b9471e0ad706e20b16636d169558866,,https://media.shalion.com/visibility-screenshots/www.amazon.es/2025-05-17/7b7748f3-5407-4cc6-9876-a3839ed2c576.png,
a22917e2483637bda7b0a9c0466423a72a75b2a074bfd34888c81c31f1523e45,,https://media.shalion.com/visibility-screenshots/www.amazon.es/2025-05-17/824bc617-b56b-4531-bf59-286e80def93f.png,
92738ddf5fc1c569c76f078538748cf109f7e1a11a418378cddc93b0b85a3ed4,,https://media.shalion.com/visibility-screenshots/www.amazon.es/2025-05-17/161d4bae-9add-4c52-8811-8673293dd8de.png,
90718d8e4cd39051ba91a36e75cebf71a376783e7160e2aa00acfb66779a5550,,https://media.shalion.com/visibility-screenshots/www.amazon.es/2025-05-17/dddcb450-6a62-4263-a77a-2b618b01271b.png,
bc661a6c58d0d367a5ea775fb913c7902feff2c9a433c93c091d0d0f66a8d517,,https://media.shalion.com/visibility-screenshots/www.amazon.es/2025-05-17/ec4cc0ea-b7d0-4399-86cd-fbba8ede89bb.png,
bb8c7d7b8cbdc3c743ff717141a6a9be3751475d9eb3ca7b0b92dc17fc057516,,https://media.shalion.com/visibility-screenshots/www.amazon.es/2025-05-17/b9fb8852-bede-4cbf-b159-6396b55d1943.png,
cf30800a715aa5f56faee30ad6bce74ecec2dcfabf93fe8cac2e28ae4c26db9b,,https://media.shalion.com/visibility-screenshots/www.amazon.es/2025-05-17/9f251526-7e0d-4b61-b813-7ad0b7aaee0d.png,
b71903e10f6d8b66089d459e975e3fba9d90add916337774f777e9f735840dec,,https://media.shalion.com/visibility-screenshots/www.amazon.es/2025-05-17/c05d5f2d-9c0d-46cd-9480-805083b097eb.png,
abd212109c529e21494de69c8e25b6d780b8cf64866f6880bab0efa099aab238,,https://media.shalion.com/visibility-screenshots/www.amazon.es/2025-05-17/0a42ef65-e7de-4d37-865c-14c8bc089231.png,
c38f2c40951b950791ef1cfd976491750e760f7b2d0bc322563453b8ab87cdf0,,https://media.shalion.com/visibility-screenshots/www.amazon.es/2025-05-17/343c6ad9-6528-4e58-9548-e65c9ad2a94c.png,
adc21e8243010e840062e98163c717a479b70a790ac6d71d9dc5125b5a786f26,,https://media.shalion.com/visibility-screenshots/www.amazon.es/2025-05-17/a6344e5b-40b8-4641-a976-51d0bc53b853.png,
af05af0856d1cf43ca0a6bc186f1b8bbdebe209b46cc5f886328af09ce27f322,,https://media.shalion.com/visibility-screenshots/www.amazon.es/2025-05-17/0072901f-7c44-4921-902e-70ae51b5606f.png,
a7c0ec0cd60a4be347ad6e46b0e09a06d2abbc34148301ab761ab26cd019500e,,https://media.shalion.com/visibility-screenshots/www.amazon.es/2025-05-17/4eeca7d7-6ee9-410e-98b8-b78870560670.png,
896b3f4aad6e01b0b69b89ce1a88be2151c8733621cea5829a45940b9ca87441,,https://media.shalion.com/visibility-screenshots/www.amazon.es/2025-05-17/dbecab51-43e3-4153-b26a-530ee0da362c.png,
8332165dd9c4db3251416ef1f9729397cef97cbefa11e593e5e09156e0a7e314,,https://media.shalion.com/visibility-screenshots/www.amazon.es/2025-05-17/f9ccb787-e25f-4592-b2fa-8477827d7dfc.png,
8ebea2854221b965861a537e93bdb1b7f17525b68ef84ccbdbe9849f17a82c4f,,https://media.shalion.com/visibility-screenshots/www.amazon.es/2025-05-17/d7d74976-203e-4bab-af32-7e1ee40711cd.png,
c8f337e883ae2261ab5c34f039eef3cdbeb7c6136fdd9122e23357dd31577a84,,"https://m.media-amazon.com/images/I/51jB0NpjL-L._AC_SR278,278_CB1169409_QL70_.jpg",
8a74071e5d4fbcad0c0ce042161dc897ac4c1d14c160c0d319721d6efdeee714,,https://media.shalion.com/visibility-screenshots/www.amazon.es/2025-05-17/309c487e-5e02-49b8-8bc2-5108603d99d8.png,
afcebd043799304f8b50e02c6d2c4dac717df3898fe4db8012586363d9fb5668,,https://media.shalion.com/visibility-screenshots/www.amazon.es/2025-05-17/852e8d76-269a-4d4e-a997-3696f1ed17e9.png,
7a74fbf97df0a3c0a1986353e17cc462bcd7d48df6eabc3ded14e9cb67081ba8,,https://media.shalion.com/visibility-screenshots/www.amazon.es/2025-05-17/fd2b4b73-778f-4df8-895b-9f21fd213509.png,
a691a3a54bcd8ab3245876d1a213b6c0565480af29124365d2119ff010bf4eaa,,https://media.shalion.com/visibility-screenshots/www.amazon.es/2025-05-17/42db28bc-4772-4eee-a50b-5a46b601f180.png,
ffca252e5a484c705f15289f502e6819959e1fbe1db239ba393ca96b9fa1430c,,https://media.shalion.com/visibility-screenshots/www.amazon.es/2025-05-17/dadf39f9-deb0-4da8-ad8c-977f551b4427.png,
8b952038e21228fc528ad15e8a00c2c7367daa45335c168a8143ca428f8c0106,,https://media.shalion.com/visibility-screenshots/www.amazon.es/2025-05-17/959d6770-71ed-4645-a65c-125bc56bcd49.png,
84935ad716d81dc687a44de090c266e992af74ad71e19a272bac0a75b2a4bc5e,,https://media.shalion.com/visibility-screenshots/www.amazon.es/2025-05-17/7fca8751-c594-4ab6-a4b7-e2dbf7bbafb8.png,
8b9aeb8a859ebb9b90e011b26689fd1dc41507a161be3e04e32c7eafe9be1d94,,https://media.shalion.com/visibility-screenshots/www.amazon.es/2025-05-17/d96212ff-9061-494e-bf0d-15683fbcdc68.png,
a76ef21ed26c76abc885f88f9b06553319de90661b9c80fd5931f519df0733b4,,https://media.shalion.com/visibility-screenshots/www.amazon.es/2025-05-17/c9816009-ca44-4872-b6c4-4a6766b7decd.png,
b8e593a0c1e0f2f7ac144aa456d56d7991bc6ca1c8fbde9cd9e55b0e36a1d3c4,,https://media.shalion.com/visibility-screenshots/www.amazon.es/2025-05-17/9da7edc5-6da8-4f23-83cb-fbc73d6228f3.png,
8b6d3b05d0b60c0afdc0bd278333fabea0e0a177825d9267fc245ebc36b1cd7d,,https://media.shalion.com/visibility-screenshots/www.amazon.es/2025-05-17/087df9b0-9ab9-4702-b4b0-9759817c528b.png,
b522dd2762b67ea5f2a674b1f1f716ed2a6864bb3e05d34a04ba5dfe044622ee,,https://media.shalion.com/visibility-screenshots/www.amazon.es/2025-05-17/c88de80c-f0e1-4598-8058-9655bc5bed2c.png,
c4abbcf7e0dd093694640551a9d3026da3152e5f2f5b0e0fe4d5a148bbd52691,,https://media.shalion.com/visibility-screenshots/www.amazon.es/2025-05-17/b30a3109-a588-4035-a628-2e04bc22e91e.png,
b09046545c771dcc70350902811c26aeaca02acb5d656f56cea4b9a116b412eb,,https://media.shalion.com/visibility-screenshots/www.amazon.es/2025-05-17/87191250-9ae6-4fef-ada0-c9d578c79d8a.png,
b69d90634c10cf4f34692c23c716a34d9ecca76ab8ce65e35e3e3bc3a4511987,,https://media.shalion.com/visibility-screenshots/www.amazon.es/2025-05-17/54e8a8ca-8b62-4bd1-ad5b-b426491d5008.png,
aa4689eef025379514a5e30f26ec0facf54b9f709ce75151d6909f745e01e94c,,https://media.shalion.com/visibility-screenshots/www.amazon.es/2025-05-17/2edb0224-b042-4c57-a861-a339ec255d69.png,
80f4078bb4ad689ea2f3123c72aacb63ce84d60b58e045a12da4f829fe216ddd,,"https://m.media-amazon.com/images/S/al-eu-726f4d26-7fdb/e5f63a4c-d6cb-458d-a326-1dfb4916dd19._CR158,99,956,601_AC_SX278_SY200_CB1169409_QL70_.jpg",
b6361087e37893d3392b9892eb74fbe523f30d612632d2f6403d7b0edd5e08e7,,https://media.shalion.com/visibility-screenshots/www.amazon.es/2025-05-17/1606e5d3-2787-4012-b6fb-c1369be46b55.png,
891a7ff0d78f70ab6fb6231ed5b2e995749a15bfa7ac293b75cf1fdc13ba87fe,,https://media.shalion.com/visibility-screenshots/www.amazon.es/2025-05-17/31fa3daa-4798-40c9-9c74-8e003390a664.png,
b26eba15cbbf73a17a863f9ff6e44e19edd72ee6a25c1b554118d99440eb7c21,,https://media.shalion.com/visibility-screenshots/www.amazon.es/2025-05-17/395b8c6d-4c85-4e14-9873-e6d9c2d509ff.png,
8a20c67bcee7a8be3ae98062b402a06bd5f66c9aa2cd99f2919b20256b64a07b,,https://media.shalion.com/visibility-screenshots/www.amazon.es/2025-05-17/e2d0d78f-124f-4462-8857-20b3cdaec99c.png,
aab226a870a89a71222848dc2252efb4e709af5d926dcbbc159adb60d6d382c5,,https://media.shalion.com/visibility-screenshots/www.amazon.es/2025-05-17/682f0e16-ce51-4db4-a3b8-1b1218f40802.png,
c67d213e068224d02b05a4c71e6c7843c68426ddfc2a6b560d8396668556e62c,,https://media.shalion.com/visibility-screenshots/www.amazon.es/2025-05-17/76c56dfb-31e4-4c04-a678-26ef95c4a89f.png,
b67fcebdc0d342650c15d7a2e08d626e00af632e2fd0129fb43944a8b33d519a,,https://media.shalion.com/visibility-screenshots/www.amazon.es/2025-05-17/e2fd1d98-44dd-4137-bf64-bdec3ed7eb82.png,
8a660b19ca94028c5281941a364f0097d8b8bf5a0664cbea9ff9da52fbb70d99,,https://media.shalion.com/visibility-screenshots/www.amazon.es/2025-05-17/0d38a48e-7c53-4671-add4-ee5c8286489a.png,
86b83bc8529fd3ee9a8a2db48df4a851f83e6aae41ac5bcc32fe97073736a1da,,https://media.shalion.com/visibility-screenshots/www.amazon.es/2025-05-17/d346bcd1-5c5d-4489-8017-f04ba30badf1.png,
c407fbceb0b3816f649e6dd620d0ac65d1b2be2658bfdb2b66480bd77b3adaf9,,https://media.shalion.com/visibility-screenshots/www.amazon.es/2025-05-17/6b54f6fc-3fc3-4675-943e-3a9d01a21b00.png,
79fe3ad273870e1317308872018218976675f7977b1bc248aa201517ed984b4a,,https://media.shalion.com/visibility-screenshots/www.amazon.es/2025-05-17/55c2c037-6119-4df6-a88f-a4d0156c050f.png,
79f135ee15365f33a0d178bab0f42547b7ac41477faa2a7e0e52e026b97dab03,,https://media.shalion.com/visibility-screenshots/www.amazon.es/2025-05-17/4f4aaf3f-d34c-4acb-accd-f8995733785f.png,
c7def7bbe02b9f93bdd8e27e6d7a818c4585f8ebaf50e71600b73d7c7aafecdc,,"https://m.media-amazon.com/images/I/51DuHy047rL._AC_SR278,278_CB1169409_QL70_.jpg",
c16c5ae68cdb8199105cb01492d481f49de2f33f36dc6f6540635e44673ec546,,https://m.media-amazon.com/images/S/al-eu-726f4d26-7fdb/4dab748a-4f9f-4486-8b5b-eb1f944dc6f4.mp4/r/THUMBNAIL_360P_FRAME_3_CAPTURE_2.JPG,
b040d34eb3c5a07f30da677ddad8da29584d0c29e01323d88a397dab7a1b00ad,,https://media.shalion.com/visibility-screenshots/www.amazon.es/2025-05-17/cc1ea6cf-2463-4e19-8501-6c627347fc4c.png,
c747d0895eb018a0743ca0ee444da0f027e46e23c09c8ff4e53474af5c5076a2,,https://media.shalion.com/visibility-screenshots/www.amazon.es/2025-05-17/4b3c3268-e0eb-4e2b-a52a-60e165af7c6f.png,
a69ae30f5110066a37d05cdc4b2a5c3038c71dea4924b8443c4d37e2f04b5b59,,https://media.shalion.com/visibility-screenshots/www.amazon.es/2025-05-17/f1a90fc9-4835-41a6-9a03-560039a9c686.png,
c993823e2d87e0012dac8504b199e4d1327c60e5da6b841be02019eacf4310c1,,https://media.shalion.com/visibility-screenshots/www.amazon.es/2025-05-17/b8591d0b-93d7-4cf9-a637-ad9d515dccb6.png,
94367b7a0e8976705cd3984ae8f7fc0f2ef5a82c54ffbf6523760347363e20f4,,https://media.shalion.com/visibility-screenshots/www.amazon.es/2025-05-17/2e9f8859-6998-49fe-9232-7ffe97cc4c93.png,
42d2668bf54b466c70bb889711d82f1cc03a52a154a5fe289313fa962f8fb337,,https://m.media-amazon.com/images/S/al-eu-726f4d26-7fdb/428c9f59-65cb-4a85-8062-4f1ac9cab65b.mp4/productVideoOptimized.mp4,
b5226964e795971aec01abfa8605a75277a62660880a80b4dfc52272d723bb88,,"https://m.media-amazon.com/images/I/41EAyXr0-DL._AC._SR240,240.jpg",
e22094ed874dff363568af974f2b3da5ab7ff8385c47878a5ddd7a78de59b753,,https://m.media-amazon.com/images/G/30/dichrlo/Exp_EEMS_Hero_1_3000x200.png,
bfa15369b9c8cbaed5c3cc9ba37c16cebbb477515ead204487867aa9e890c740,,https://media.shalion.com/visibility-screenshots/www.amazon.es/2025-05-17/b0e85474-a98a-4bb5-b714-49ddbec9afb5.png,
b966e27d5a084d739a7e96cc27761d936f693e88a94b11ed68679a15437ef0d0,,https://media.shalion.com/visibility-screenshots/www.amazon.es/2025-05-17/61c2ee28-7cc5-4173-a896-62dd86056dd3.png,
af6587a161fb82781a67460efa1725a774c666d22d4ae7c99a7c8dd0fc6bad83,,https://media.shalion.com/visibility-screenshots/www.amazon.es/2025-05-17/9510c7fb-fbef-461b-9600-4b1385a2100d.png,
9ddea44542087b30646db1849c26c83dff1b3e01a843a441054df38a5c1ea2d9,,https://media.shalion.com/visibility-screenshots/www.amazon.es/2025-05-17/07fb6b57-c974-4f21-9b49-06489e22c4ae.png,
b957bbb9fd97a085f69d90ba0d31351ee3b73fb056307f118f0e2e69400ee369,,https://media.shalion.com/visibility-screenshots/www.amazon.es/2025-05-17/ecc8a876-17bf-4574-bcc6-851de189a716.png,
912300d3f23768311252083dca6c1e33f61ebf2ab473992c69931e96f0a54380,,https://media.shalion.com/visibility-screenshots/www.amazon.es/2025-05-17/c58b4b62-f3d6-4463-b72a-bed3ded28a55.png,
c595b9eabc83b6428b634ce32df62a79a65af29040dfc2ae9d5edb578dff19f6,,https://media.shalion.com/visibility-screenshots/www.amazon.es/2025-05-17/99a5a7dc-1395-4bcc-8a5d-d6fb91ebaf9f.png,
81db01368cd7ab5433a885e72e72a4227529c39287320d7ecec6f1ed69e093cd,,https://media.shalion.com/visibility-screenshots/www.amazon.es/2025-05-17/a1ebe005-c90e-43c0-8626-d15067770d12.png,
849ea45c47f1385a2e6bda56961fbf8e934285f97d42ab75313d5e7f83f7d49c,,https://media.shalion.com/visibility-screenshots/www.amazon.es/2025-05-17/5814b1f5-fa05-4ee6-9f34-1a068e1b971d.png,
b972b43dc6b829bfc6a664c0a5825bfade396f019541d5371eac00d9903d27ba,,https://media.shalion.com/visibility-screenshots/www.amazon.es/2025-05-17/839b3689-3d9f-4895-be82-6e6319f3337b.png,
7b33ad065cd27465b8658ee091863e2a3d68d0380dc660a6f09aeac4035f9b94,,https://media.shalion.com/visibility-screenshots/www.amazon.es/2025-05-17/3f2dbddf-15f3-49d1-90dc-65f731b4eb12.png,
8752da697b0be066b9b7770c7667de8ea54ccbc1d5a78396a5d9cbcadbafc704,,https://media.shalion.com/visibility-screenshots/www.amazon.es/2025-05-17/b0aa0a7e-e67d-49f3-8176-e20436a7f4ad.png,
bcc4c856d11adbcb88d3558156efc27f087beb0e8cdc7a7b28b7b13520563132,,https://media.shalion.com/visibility-screenshots/www.amazon.es/2025-05-17/59f85861-940c-40aa-a41f-8c990a9ac552.png,
a961e1812e1f929aaae82f16c492a45783b6203e0eb0e8ff676cb8712e4e9b67,,https://media.shalion.com/visibility-screenshots/www.amazon.es/2025-05-17/31568f60-9b7e-4f5a-bd80-6dce2143ee7a.png,
8a41b25e5c16a0e2f9e1103e2138b0a6c3662893c69231f2cebc1ac3ec09575a,,https://media.shalion.com/visibility-screenshots/www.amazon.es/2025-05-17/b75a49a6-f3e8-4e9b-a129-0daffc7880bb.png,
ad6bf3974785dc8315e485a985368ead38693e4ba961dc3d56fa04b692f8908a,,https://media.shalion.com/visibility-screenshots/www.amazon.es/2025-05-17/2346c087-4183-4c10-a73f-688ba9384c82.png,
966e81d98388836b13bcd9cea9a954ed9f01e984fd23dee2614412b43ae98f7d,,https://media.shalion.com/visibility-screenshots/www.amazon.es/2025-05-17/66e71011-aa76-49bd-99fb-3f0f1bf6987a.png,
c16e8ba7e21f905af57f3ed1f925972d963c4fdf4a6f729958602d765fce9c23,,https://media.shalion.com/visibility-screenshots/www.amazon.es/2025-05-17/1ad6ac75-cafd-426f-ad71-b35e07b132c3.png,
a20b98809b99a2b012112925de2a7dac6b4b3695097b0c204c90a8885f9f0bda,,https://media.shalion.com/visibility-screenshots/www.amazon.es/2025-05-17/f3479652-1829-47a3-89cf-cf7cdfdacc8e.png,
8d785932aef612571da4c22aee36fe2ab112a8f71dedb4deabbd22003be9498a,,https://media.shalion.com/visibility-screenshots/www.amazon.es/2025-05-17/504d618a-6cd0-4f0c-8e43-12929f7550f3.png,
b6683d6f9d43557b6bbbe6b718ba00bb198a75baefc65cb6da544905a795619a,,https://media.shalion.com/visibility-screenshots/www.amazon.es/2025-05-17/1e8a09d6-ab95-4804-9c64-da567595df27.png,
9981849a4c2bd1d8aa80e96f527db4ef22eb707b413ed3d06216c8fd4ccd9793,,https://media.shalion.com/visibility-screenshots/www.amazon.es/2025-05-17/8c36f5c5-5c87-4f2b-a698-4cd3916288d6.png,
b89f0c48fa9fe59b635f322202020272888a3d893327cb18cdb61c10ba320c9f,,https://media.shalion.com/visibility-screenshots/www.amazon.es/2025-05-17/021f1543-3aba-4c97-86a4-5d8afd8ceb2f.png,
9ebac76b14c6ef46471dd25980ca02128b5b80e7a88181b9396639d309b4b7a7,,https://media.shalion.com/visibility-screenshots/www.amazon.es/2025-05-17/e966cf81-c855-421c-9096-d38b9219c63d.png,
b8260751a788c953ec0ec978a1b54820f8a51b486865c0e3f8870fcfe06f7a18,,https://media.shalion.com/visibility-screenshots/www.amazon.es/2025-05-17/ba9ea07b-581b-4828-bf89-59758afaca6a.png,
af6abb183eff112a47d8a941185165e9b94289ffc10a0909b935e10c21376a5b,,https://media.shalion.com/visibility-screenshots/www.amazon.es/2025-05-17/78ca97ce-c008-4032-a0c6-71c2f7611696.png,
bc5c2f947d298a6830bcd388ade7c5dae81b3a4fdec1aa634b507664ddfb12cf,,https://media.shalion.com/visibility-screenshots/www.amazon.es/2025-05-17/33b782b3-901d-4a58-87b0-68fce798ddcf.png,
b990124e6111e2f87ccccc93f4ba3e945b41204424e8b13cad0d4fd079e14a34,,https://media.shalion.com/visibility-screenshots/www.amazon.es/2025-05-17/0bc59111-4030-4991-89b7-077603e4e32a.png,
c473801d5f0d495091f2bfab16401aa992ea597154eb5ab84fa79391ccfa3630,,https://media.shalion.com/visibility-screenshots/www.amazon.es/2025-05-17/56ae1ab2-d287-4f6f-ac85-1bcd2fa0cd01.png,
b374d9b58baede1389cd418b62e292d951bd02e29fcfdf0eec09d51cccbeaa3a,,https://media.shalion.com/visibility-screenshots/www.amazon.es/2025-05-17/763adb4f-d6cf-4612-8453-ae51f87d75c7.png,
a2c16cdbad94334b15c89af08cac4e856a5193e34f5c227083ca5433ad86fb8a,,https://media.shalion.com/visibility-screenshots/www.amazon.es/2025-05-17/4b7d20c7-80e1-45bf-9d86-c5e3a0028a3b.png,
c74ca30afd73fc1ab386f59279d6b2c0aef815382b8d2e4bf2be81ed1082b9d8,,https://media.shalion.com/visibility-screenshots/www.amazon.es/2025-05-17/450c429f-6c82-4f0d-9676-9e432cb3a406.png,
992ad60bd2c579d1dd187c2c17e85ce870ebf3908090b20669da240d13782ec0,,https://media.shalion.com/visibility-screenshots/www.amazon.es/2025-05-17/d077ba52-c04c-4948-9315-50e4abcd38c9.png,
96201afff4f764b3e8b0383f9b043d29c1bfb11bf3328faba374d7518b71eacb,,https://media.shalion.com/visibility-screenshots/www.amazon.es/2025-05-17/4da4f22a-af1d-4f90-8bfe-1474da3908ae.png,
7f1cebb188bf891021f61878d7b654d77e2e1703bc1a14727622291830c6eb94,,https://media.shalion.com/visibility-screenshots/www.amazon.es/2025-05-17/954d52a9-5004-42e9-96a2-18b4bd0ac0d7.png,
89d2da155ff157594cf3db3ee2621b140e60db0a42896fea63f1a789d0269880,,https://media.shalion.com/visibility-screenshots/www.amazon.es/2025-05-17/c70f6908-a29c-4a68-9010-25f86e52ac3e.png,
9229183059ec34138e2972edb8aa8d7444c458fbcb726c61e4ba7f78ebef2e97,,https://media.shalion.com/visibility-screenshots/www.amazon.es/2025-05-17/a2777c2b-8549-4015-81f7-89e4d226149d.png,
bd38a010e3fade0e8d1ed2b150aef65130f6e057366b13e87acc0f4988d38967,,https://media.shalion.com/visibility-screenshots/www.amazon.es/2025-05-17/47b06835-ec0f-4913-800a-b543ccdfc88d.png,
c8fe86ceb49a9e7522452a34359823a62faa5e25c407f6a4adf35eb499df2da8,,https://media.shalion.com/visibility-screenshots/www.amazon.es/2025-05-17/4c96578d-2430-48a9-b3a5-ae72a0ed25df.png,
7d244a6ffdee76a3b596f606102baa75318a2b383e655d129cc76016b40fc434,,https://media.shalion.com/visibility-screenshots/www.amazon.es/2025-05-17/5246f9b5-1039-4e00-b2b4-b2064cf81dea.png,
cb3127a45855a63ac95be627ea13cd8b9d29cec8f21db9493503647fe0996ded,,https://media.shalion.com/visibility-screenshots/www.amazon.es/2025-05-17/451a9de4-3a65-4783-a9b5-f3115a7e38a3.png,
b44016624fc465f149afea051d2566a3dbbd6aaaf82c01761e1da2ba03331576,,https://media.shalion.com/visibility-screenshots/www.amazon.es/2025-05-17/894670e8-c450-452b-984c-04f58e755bb8.png,
7a038c85c167221eff367853410dd8c514a010ada421f4fafd7cf44d8ea445e4,,https://media.shalion.com/visibility-screenshots/www.amazon.es/2025-05-17/e58ea9bc-3980-4862-9390-7a0b856dc49f.png,
9534567a0fd1af6875e51d32015312d349f7a6d889360e16c6803f6e29739782,,https://media.shalion.com/visibility-screenshots/www.amazon.es/2025-05-17/59ba002f-2597-4f87-ac2a-9536512a0587.png,
bb9332b65236d88a3789c30bc08e13058925f93fd11e8e4d6fa429ed9eef111a,,https://media.shalion.com/visibility-screenshots/www.amazon.es/2025-05-17/93ea2da6-24c3-46fb-b58f-320ab402d41a.png,
7cb534cca002cf333daa377512025574c8a8aeb23559db18b28614d3b9a0bdca,,https://media.shalion.com/visibility-screenshots/www.amazon.es/2025-05-17/c3eedd5e-49b8-4b0f-bc83-1b6c4e90ab83.png,
a210b8ff918943e3341121a1d98abe8af3960d6744f8fc1d6266bc12684877b2,,https://media.shalion.com/visibility-screenshots/www.amazon.es/2025-05-17/d38195c1-2b3f-42ee-9a7f-23699729e23c.png,
b61a166e6568aa56d4f53332dfea9a9fca6f3a766e6f22727c2aab7f0c79d8b7,,https://media.shalion.com/visibility-screenshots/www.amazon.es/2025-05-17/4933bc29-0920-4fae-9749-721cf1f9eaa8.png,
a4801fcf4bfd2428ef9c8769e077c381ed512d8a5509882e22f6dba59b289d97,,"https://m.media-amazon.com/images/I/71+IqjYPqZS._AC_SR278,278_CB1169409_QL70_.jpg",
c0a4c9f5f8a973cb3876754e8e2119097837b333fbefb2eb3c8e24972767c23d,,https://media.shalion.com/visibility-screenshots/www.amazon.es/2025-05-17/25df3369-b026-4a6e-b43c-a80a5178dffa.png,
a73f99f405cf43c1cbd82a1b280297eac457cbd198dfb9eb3a7601290b982896,,https://media.shalion.com/visibility-screenshots/www.amazon.es/2025-05-17/c55d32db-65b5-4dfe-8953-26e8fedb0ba5.png,
a0e069ddfbbe324ed829d1b2c89b3ce6247f9456fb7eb3fa02cf28ac998628d4,,https://media.shalion.com/visibility-screenshots/www.amazon.es/2025-05-17/65331e6b-bba6-4a19-b803-d0fef595b65d.png,
a2fbe5621483b68a60166dc36e18c7d8e23ca98b89c0b209385bd9e8d7e91e6b,,https://media.shalion.com/visibility-screenshots/www.amazon.es/2025-05-17/2c6ef7c1-3106-4b39-9871-ec4c75d9ce6b.png,
c47ab7b624c72c4096ec46919f5945911cf559535c9c6698d5a9c4345f8e728c,,https://media.shalion.com/visibility-screenshots/www.amazon.es/2025-05-17/e686fb7f-15a2-46c9-9e58-4dd6502cdd6d.png,
b0163e4520e332cdb3f02e61ab319e2b0b478cf147019063b5e17f5f50972bab,,https://media.shalion.com/visibility-screenshots/www.amazon.es/2025-05-17/1a596f4e-0e56-4bc0-93d6-070d7b95f577.png,
b2e4c1dfa7bee1c629c5346e98bf192dcb6ba5080129deedab668eec838f75ac,,https://media.shalion.com/visibility-screenshots/www.amazon.es/2025-05-17/db6ea806-be49-484b-8a82-642f2131b995.png,
a9e9c771e0fefeeb9c5561959718477f35148b8bc1fbf4efd7c48ca92b018ed3,,https://media.shalion.com/visibility-screenshots/www.amazon.es/2025-05-17/a3c6aedb-d320-42f2-abaf-7a55cde98e40.png,
890765dcdfca67a0088723a83a5e899cdd7c53ec0bfa1ca2ef2db0f40d89f604,,https://media.shalion.com/visibility-screenshots/www.amazon.es/2025-05-17/57d669eb-9280-4724-aa45-e598f7c4ff2f.png,
a7217043531aafa2e5d3da12dfa82b2d18b9d3e4224231797843dd253e4ee2d3,,https://media.shalion.com/visibility-screenshots/www.amazon.es/2025-05-17/d351b360-a783-49ee-86bc-d1ccce12ffc8.png,
7dbe507eae31d9c08e961c92e6075ca2fbc311c4ceef8a9b49f81d2c32f6a7d1,,https://media.shalion.com/visibility-screenshots/www.amazon.es/2025-05-17/53c3fea4-6ce8-4761-a9f0-549d9b6577cc.png,
7e2d62fe1e38f729fe8b8f82b9ef4c50e9f0bb3c80d9dabb7fbd596c768011b7,,https://media.shalion.com/visibility-screenshots/www.amazon.es/2025-05-17/aca7bf8c-894f-46b2-9daf-07a4f0a9c18a.png,
c9c158a96b62dd9bacd9dc24ef501edc7fe11ef0fd0d30c0ab6e5a6e2fe81d10,,https://media.shalion.com/visibility-screenshots/www.amazon.es/2025-05-17/92abf495-b70d-43ed-8b71-e146ae78a1f4.png,
7b70b19f4d07151ab8fbc44a60d71bddcf98c34cd5ac13c2374cf69ac7ee3542,,https://media.shalion.com/visibility-screenshots/www.amazon.es/2025-05-17/eb763d02-64e3-4ad1-a3f9-bc97513021ee.png,
c0bc5deb8eea1775d6641d0c3363a0706ee569971ac03b5a13fffac3f7746831,,https://media.shalion.com/visibility-screenshots/www.amazon.es/2025-05-17/05522232-5daf-4da7-bf37-8f9856e4d5b7.png,
7bad4caad9a287e9464442b57277976ca821c6dd595bdbe802d9e5c72e1382cb,,https://media.shalion.com/visibility-screenshots/www.amazon.es/2025-05-17/289fe02d-920c-4fe7-8f0b-2a1691b55ce8.png,
a7c24efa64bc97a391241c08975ea16e62a8ef82525948aa10c2130dc9db3e68,,https://media.shalion.com/visibility-screenshots/www.amazon.es/2025-05-17/a8352412-e0d6-41d6-9fc9-e3517cddc610.png,
b8a964501aead688738d58f0ce6baf5f70de0e5cabc01bdcee69970e5704ab4f,,https://media.shalion.com/visibility-screenshots/www.amazon.es/2025-05-17/dc360c4b-ab39-4dc9-b752-9ce03a2798bc.png,
c96794a140a36ed1cd6eb443bf3c104b3414f6632d90e7bf2571e4e7d11e4d63,,https://media.shalion.com/visibility-screenshots/www.amazon.es/2025-05-17/b78e61e1-fc2e-47c4-a42c-3e6c02dd60fa.png,
c24398d916e8c021e8d6907d99ac4b8714a3a0ffa9ca86d2d919291a02cc7149,,https://media.shalion.com/visibility-screenshots/www.amazon.es/2025-05-17/2b47d038-95a4-4ec1-9304-0734f05d8b1c.png,
a2b70c1eb87c3c553206b78b72d4a6e98b810566ea2dbe0bef3ef68a284c9571,,https://media.shalion.com/visibility-screenshots/www.amazon.es/2025-05-17/cda291e7-1491-410f-8fd8-8d7225738005.png,
7ffd51e0a494c45bdad924ea0f78f5f2bc68bd2f6769274fa58abfd7be905f78,,https://media.shalion.com/visibility-screenshots/www.amazon.es/2025-05-17/cf24ddcc-c96d-4256-a418-7b9e3e60f43f.png,
8981cc43d4bcd4ab2db69307cc0707e932b3aa0a8797adcb7939fb0585301f73,,https://media.shalion.com/visibility-screenshots/www.amazon.es/2025-05-17/c061a255-a1c2-4277-9112-0bbb9c9c9223.png,
7ee44cde1c10af0e664f18f2d8a6d2af5496c619aeecbabcac452bd35e746ad7,,https://media.shalion.com/visibility-screenshots/www.amazon.es/2025-05-17/ce0fed9b-dd88-422e-8d48-4e043c47e688.png,
9d83ad58ea5a423e5f50dfb47928e482847fd6beadd547a0dd724c779e6f128e,,https://media.shalion.com/visibility-screenshots/www.amazon.es/2025-05-17/1fae3027-bc76-4cca-908e-c4b230482908.png,
c2f596f532c2683f136fc92ff6a574e3bef37c34bb8d8bbc747f9efc978bbc7b,,https://media.shalion.com/visibility-screenshots/www.amazon.es/2025-05-17/1bb4207a-c18d-45d5-bf6b-2da1479ee700.png,
8a0caaabac7ecf74a5a1a5b3b8065d4c7cc73882be22835ab9f82841e06a862a,,https://media.shalion.com/visibility-screenshots/www.amazon.es/2025-05-17/e29b2d36-a0c5-4148-b2e0-c1f538e652fc.png,
bfde2f88b3c60a20291111ceb3c4897963c35c5ac97898bc8b1c0305011bc493,,https://media.shalion.com/visibility-screenshots/www.amazon.es/2025-05-17/43012ca7-8a68-4ce6-a0f5-ded5ede2dfb5.png,
9583f8980791c2c4a7a15c3c8da64885b5e3c22edc62ef1679ed9c4fc8623a99,,https://media.shalion.com/visibility-screenshots/www.amazon.es/2025-05-17/0d376674-00eb-4849-8573-cec22ca4905c.png,
9b3ad721abe52faa7fdd7a39ce6bcf060bf2223ddb8b9ec10b4e51a0efc06b16,,https://media.shalion.com/visibility-screenshots/www.amazon.es/2025-05-17/013aaa44-c5fb-4b61-b1d9-099433d04fb1.png,
cac1199a7039924a51ca91b5adcd22160246064ce107d4b8d1a2a285a7d5c830,,https://media.shalion.com/visibility-screenshots/www.amazon.es/2025-05-17/ee039ffa-92b5-4b93-ae11-1f16d8063e21.png,
8e3ff90d8eab6a34efcb691da153ca7ac39a1e5e91202a4a1054d1dd7425c2df,,https://media.shalion.com/visibility-screenshots/www.amazon.es/2025-05-17/1a333724-a7bb-4a82-b85a-53b4281eec92.png,
8a57212b8b6be843fbe11a3d452949b894b97e29ba9fb32d5dc7854c39c9a9fc,,https://media.shalion.com/visibility-screenshots/www.amazon.es/2025-05-17/b47ff7b7-5a2c-4495-a668-664a7c17777d.png,
afab120738e4ee734631c4344345cccd674a3bffc4f4533da1651deec95498fc,,https://media.shalion.com/visibility-screenshots/www.amazon.es/2025-05-17/925c2eb4-56c3-454b-baf2-57fbc7a99dfa.png,
993f838b387c37b4274325428d574979f36837b2d3352bf1844711b4b877c04b,,https://media.shalion.com/visibility-screenshots/www.amazon.es/2025-05-17/37aeb162-9fd2-4530-8e93-c5816e6ce792.png,
8a713f34962df78f20d92c28915673c1e552d4ac7cc1658a312020e736df0b59,,https://media.shalion.com/visibility-screenshots/www.amazon.es/2025-05-17/f2f80cea-0e26-47ec-a36c-9881516eab42.png,
8115f2dd579126c415786a1f385ac1e9eae0624b1cfb470e30461fb749565d3c,,https://media.shalion.com/visibility-screenshots/www.amazon.es/2025-05-17/c2e85809-9b52-42dd-af63-d09b0be9993a.png,
95eabfb42e622f5a192a081f06f664189cca0a834b474e47bc7db8f3aaaf161d,,https://media.shalion.com/visibility-screenshots/www.amazon.es/2025-05-17/31816d2b-919b-466b-9e10-b24342dbd1b8.png,
9dcea5e58e4dd84fd5f4559b54f86b080525078093ee9573da3d7aa453fbc72d,,https://media.shalion.com/visibility-screenshots/www.amazon.es/2025-05-17/d51256f5-ee13-47b5-bcbf-bc63f8f020c7.png,
ca45090edb699d7944768bf07610d3e5718ee800a27079191e2d99ef0159ae33,,https://media.shalion.com/visibility-screenshots/www.amazon.es/2025-05-17/64985b79-faf0-4a26-9cec-fd807c07b72a.png,
80d88b0eead189e1ac33a555e599ef94ae6b545b3cc8be751a582b7767c64df1,,https://media.shalion.com/visibility-screenshots/www.amazon.es/2025-05-17/971ac939-f0cc-4187-9bdc-b6927cfa512a.png,
c8ea9ee035c28cae19141046d8ffefe1b930d7b8dba7b0640248eee9a68ab5c1,,https://media.shalion.com/visibility-screenshots/www.amazon.es/2025-05-17/7a9fb6cd-dd13-4339-b28b-09e1ca100d1e.png,
a40492536e264ddf4fc479870db04bcb7913526a5a9bd3016ed0b7eb94596cfe,,https://media.shalion.com/visibility-screenshots/www.amazon.es/2025-05-17/985d38cf-098b-4c46-9201-4c66393fc8be.png,
bdae37bf5d86ec27789278f825788a8a32a90cb3072e4a56cf581438c0aab979,,https://media.shalion.com/visibility-screenshots/www.amazon.es/2025-05-17/53fef17a-fbbe-4963-853d-776b13c17419.png,
947e89337c23fe9adc344886ba3a8d5f057c83cacc14c1269aabeccb0222d709,,https://media.shalion.com/visibility-screenshots/www.amazon.es/2025-05-17/cda5266c-ae20-455a-b2f0-5c0fe08ebc36.png,
c3a31b91ba96273ac132545ae7d13e6526d5889f396c9c9cdd84d10f7f44a6a6,,https://media.shalion.com/visibility-screenshots/www.amazon.es/2025-05-17/7a3fc2ab-4d3a-4a10-8010-337958e92502.png,
bb2d0cf4baa23566ebdfcc74200fc24bcf52202b7a5ab50ea3dacb3e6bf2b7c0,,https://media.shalion.com/visibility-screenshots/www.amazon.es/2025-05-17/d71ebaa5-e36a-42ef-8c2e-9d2789af7fe3.png,
aedaaff4cd211ced65d9f719636157c984e35da4fe392f8d939c63eee66d0817,,https://media.shalion.com/visibility-screenshots/www.amazon.es/2025-05-17/50d7a9f7-c05a-4d2b-ac75-8ab66bdcadf8.png,
9081e3f8406708f6bb95c093bb3d844f69517b0da0fd52a36573e80d539fe0a3,,https://media.shalion.com/visibility-screenshots/www.amazon.es/2025-05-17/657c2d48-b72e-4d34-99d8-811c96bff685.png,
961ae692b0789cb947e1f8cac456fb6961b88c42bb8f661f586039713fbf1653,,https://media.shalion.com/visibility-screenshots/www.amazon.es/2025-05-17/017081e5-60bd-46eb-9786-77351571aefd.png,
ab4ab9be601b555cba0a83e6e89036c733e6cc69f43d38c8c423aa5e496a2f42,,https://media.shalion.com/visibility-screenshots/www.amazon.es/2025-05-17/be6fac2b-4661-406e-9755-820f15fe4db1.png,
806de37f0558282420f637589c7e21cb5f124fe81ea554f1b8259ec40a5aeb55,,https://media.shalion.com/visibility-screenshots/www.amazon.es/2025-05-17/680a6ffd-19d9-48a5-b710-40917d26b4fc.png,
80f0083bd521999ec9452cf8b07e5add6e2afb2d5a412a55d6bd5d877a4a941b,,"https://m.media-amazon.com/images/S/al-eu-726f4d26-7fdb/af14e8e0-0d92-4e60-9e50-c6a6f72f01be._CR0,0,1200,628_SX920_CB1169409_QL70_.jpg",
be1cab3f37b9255e36d9bac3729408e78627790c033f9121930e7c91e61988a5,,"https://m.media-amazon.com/images/S/al-eu-726f4d26-7fdb/3768098c-e3b5-416f-b180-53a4afeb6b1e._CR0,0,600,600_AC_SX278_SY200_CB1169409_QL70_.jpg",
a23002f5913050e87d88b4c8185da5003fd6a43e66121b27ff36c70ec7597653,,https://media.shalion.com/visibility-screenshots/www.amazon.es/2025-05-17/c7a2a539-669c-4f0e-9323-d25a11f73858.png,
b64935b3c8ad75c42ca89ccac064c377a7cd048f37d8defd2c35678a0d856b7a,,https://media.shalion.com/visibility-screenshots/www.amazon.es/2025-05-17/53c04f57-48f3-41ed-907a-085e71d804eb.png,
b6b5a25adf69aa3551857088f88ae821e063744437ff3ae81d53c300fa1cc25b,,https://media.shalion.com/visibility-screenshots/www.amazon.es/2025-05-17/2bc12f06-9a55-4802-9eef-715b4055fba7.png,
c296995b383f6c89fc287d819da2bc7f818f0862a85c382e05807a4930c96d77,,https://media.shalion.com/visibility-screenshots/www.amazon.es/2025-05-17/3d62b828-8c07-4552-920d-8c264703f71c.png,
b3e6f553f83b3c40018fda1ab241dae6b79a05b1c396da1a0b7e267b5ea5babf,,https://media.shalion.com/visibility-screenshots/www.amazon.es/2025-05-17/13587baf-0dc3-408c-b595-b3eeac1c1a6e.png,
9e6181d1cb5e954eeeb6e983e3925e5a3f5c23970c9197308480c2a311b0231c,,https://media.shalion.com/visibility-screenshots/www.amazon.es/2025-05-17/d02e7b92-41de-4843-8eb3-b05c553c67ef.png,
b0e92dc1755b1fcd776591e9731c9f95ad90ebf77fc4fa384afe9d8c7b30a203,,https://media.shalion.com/visibility-screenshots/www.amazon.es/2025-05-17/28e166d9-23f9-4548-a430-f95f6d52531b.png,
c0bc67de5d961b3fab2b80c3c198faeb1f1e4c5583acccd312d15797711a2be0,,https://media.shalion.com/visibility-screenshots/www.amazon.es/2025-05-17/51c0fc4c-2474-494b-9bdf-4c8d11cfc384.png,
c47a617afbcbb8a566067e2ef6f2d34eedad83db43b9b7f5aa1a556e143cecca,,https://media.shalion.com/visibility-screenshots/www.amazon.es/2025-05-17/207a2739-df13-4c01-9d8f-e9ef19f8d426.png,
c8587c32cf52d1f9f599b1f8a72cc66f21da03fbd2c9df29f84d7ea4eb91b9e1,,https://media.shalion.com/visibility-screenshots/www.amazon.es/2025-05-17/905f31e5-ea32-4a41-99dd-1d3877ff6f02.png,
a8c6c3bd5cc29b5d7d3f16528ba6a39b4552a9bec847c92cfe8fa713466e051e,,https://media.shalion.com/visibility-screenshots/www.amazon.es/2025-05-17/873b1894-45e0-4495-95ce-dbadd27fe9a6.png,
7f3b6064bdad4681f52d03e6edad2cc54d35bc6f45806ab16f58a55217e9e9a3,,"https://m.media-amazon.com/images/S/al-eu-726f4d26-7fdb/3c0e1b75-a759-4b14-8e54-4911d1185233._CR0,0,400,400_AC_SX278_SY200_CB1169409_QL70_.jpg",
aab3592feabad8f22cf8c4cc6ff734dc8210e3bfb630fc56cbd8ee24b6ce42da,,https://media.shalion.com/visibility-screenshots/www.amazon.es/2025-05-17/cb3d392f-08d6-4b0f-abcb-455a86b06bc7.png,
9a180de1e6ca09620eb3f80182cacaf95cae17dba664f1e9b8234a084de2be2c,,https://media.shalion.com/visibility-screenshots/www.amazon.es/2025-05-17/bd239b2e-0d51-4f24-8296-a8b40c66e998.png,
8a49dfc6d5c0847f91d5adeaa39572bfd544acf4ec3d04e3d242d885cd3d12ae,,https://media.shalion.com/visibility-screenshots/www.amazon.es/2025-05-17/be7a4079-a8fd-4899-b4bc-721e5ab41b5e.png,
c461e6fa059e994882ace2e0d4e927f393bc27bc87edec68ea42a0a57a66e7ab,,https://media.shalion.com/visibility-screenshots/www.amazon.es/2025-05-17/7cd74155-3b4d-4467-b27e-82d0e6e9ce0e.png,
993ec343fe0e373a0af2cb6ea866e000ec33b21f85590f34a47ae60c9c7766d7,,https://media.shalion.com/visibility-screenshots/www.amazon.es/2025-05-17/36b26aa2-3fa0-4fd0-8a9d-9cdf60da3c9a.png,
c371232a4fa29b6435250eba73b4b8b7826db3f4cd08f5ba08e5e56aa802d4c4,,https://media.shalion.com/visibility-screenshots/www.amazon.es/2025-05-17/16f2f125-95c7-45ce-b3f2-0ea5d826da03.png,
86ce12464e18fe5314481c595e7943aeff0282f352818c13d640b90a9337a53b,,https://media.shalion.com/visibility-screenshots/www.amazon.es/2025-05-17/f3f3f7d4-3821-4c8d-b0bb-81c83f7041df.png,
7cb72fb9511a2599fc306ac3c77ab89f122a9160594785e82f302753c32546ac,,https://media.shalion.com/visibility-screenshots/www.amazon.es/2025-05-17/7ab12d1d-833d-4ce8-9687-387cd9b75328.png,
cacce76ae53fdf46c22fde43b8ca3c87927a27922e99a9b56e8ed4a890eb72c6,,"https://m.media-amazon.com/images/S/al-eu-726f4d26-7fdb/9741ea6a-89fd-4251-afa9-a6faf1c2243b._CR0,0,400,400_AC_SX130_SY60_CB1169409_QL70_.jpg",
c0e4798643cacb3270eb6feab0c0c2ffc53672780775f44ede0a95d9c8cd52f5,,https://media.shalion.com/visibility-screenshots/www.amazon.es/2025-05-17/ba059cd8-d1f4-4276-ac45-26d5ef6eefab.png,
84bef214085889fe9dbee39f8170877f5c1b86a849cbfe1b613dd815e8273736,,https://media.shalion.com/visibility-screenshots/www.amazon.es/2025-05-17/88fcff36-5041-4927-b982-b4b6150981a1.png,
81429d09b0da9f570e819793eeb51df48f7f9c5edd156033461e1c150a434d69,,https://media.shalion.com/visibility-screenshots/www.amazon.es/2025-05-17/a5e0b6d3-2658-4844-99b9-2592df68a2bf.png,
8c8679eb277dcf38eaafe59098201139b5c88eaf84a9d641a8dfb97f1d7624f5,,https://media.shalion.com/visibility-screenshots/www.amazon.es/2025-05-17/f2b2e5c7-873b-445f-865c-401f6887a3f9.png,
b5a18b1fafc71c72e6e24731ae7a648768a219976d37e76b989eba48e7961a6f,,https://media.shalion.com/visibility-screenshots/www.amazon.es/2025-05-17/c7ed5883-debf-4508-81b9-270aa2d5e04e.png,
ac499fed5e1111c9c42fc644b8163b813d09299a4bd5140ff5fcec3eb15dba26,,https://media.shalion.com/visibility-screenshots/www.amazon.es/2025-05-17/faa5c0fc-ffc9-4b82-9933-6e93b78725a7.png,
9326c120b50a7ec95548106206d2337f3d6cb15f761735a2bdf7f76fe4cf222d,,https://media.shalion.com/visibility-screenshots/www.amazon.es/2025-05-17/9c2aa703-6cea-4880-a39c-fd6c1d89fd13.png,
96c1beb366d896707f6081836637c2512e08be6a41d106462a71ebab290e5d02,,https://media.shalion.com/visibility-screenshots/www.amazon.es/2025-05-17/8a490dee-091b-41c7-98ba-731d0d0006ff.png,
caf9b677f371edd542a202c377dac86118dfd6950a4a9f6266cb73942387f5c1,,https://media.shalion.com/visibility-screenshots/www.amazon.es/2025-05-17/4db1745a-da1c-4a7b-a270-0284e6b1a91c.png,
c0f5ced00ffc415af8ff14a3325fade4b1a17dae256aaab00a9e9009057b1ce7,,https://media.shalion.com/visibility-screenshots/www.amazon.es/2025-05-17/e89737b0-7769-48cb-81f0-9783f6ace0d4.png,
c408e9b7c6bb94e2d616b886718c75acfae52964f0cb2ad41702cc502b2c3c91,,https://media.shalion.com/visibility-screenshots/www.amazon.es/2025-05-17/250d3939-34d4-4ae4-9502-87bb00b5fcf1.png,
b80b0c77633a4e59c75f49f0b8de5f863e4ceb59c5836592463a67a09429b8fc,,https://media.shalion.com/visibility-screenshots/www.amazon.es/2025-05-17/2ce0117b-eaa7-4bca-86f7-1a073eb0de78.png,
be39a4510734b1a6874e4a2a6c259eaf26ec983cc453c970eb2a6b3552db3c8a,,https://media.shalion.com/visibility-screenshots/www.amazon.es/2025-05-17/1829b6cd-9d9e-45a9-a145-38ff89c6d6b6.png,
aad6592e89088b69bb069db105c75c435cc39f702c8a56f57bceff885e42a911,,https://media.shalion.com/visibility-screenshots/www.amazon.es/2025-05-17/ea899847-72fb-445b-b1b9-40848a04d261.png,
acaaf861c22a0ac1d17503f216e11343fd00db8d5ef8bd8ac50b9e875a0c0030,,https://media.shalion.com/visibility-screenshots/www.amazon.es/2025-05-17/d311e9a0-6ff5-428f-8c86-cf5fa9ab32b6.png,
ffb2f01fad9735f57efcc1ed7b94bc4169231886a14298b636eb033d2c3eaf8a,,https://media.shalion.com/visibility-screenshots/www.amazon.es/2025-05-17/15a306b8-3dd7-4a84-9fba-9d08c78f1287.png,
c2f2924221b57ae254d46c7f575462bc97b7a4fe7033e54a193251e43bf9681b,,https://media.shalion.com/visibility-screenshots/www.amazon.es/2025-05-17/380277a4-1f69-42f4-90a4-4173480af755.png,
80de115a260382cc4685786da38a1abcb3092031a4f4348279569e1eaf99db4f,,https://media.shalion.com/visibility-screenshots/www.amazon.es/2025-05-17/050b8939-ad88-4b58-9bc4-a877ee71ff16.png,
a28b539c18c1648f97ba73d4b818d9dc8a71c154239d2cfbca8b576e63239bf3,,https://media.shalion.com/visibility-screenshots/www.amazon.es/2025-05-17/ecbfe4c6-04fd-4f30-856d-06691c9b8b4d.png,
9327a0147d064e7873dd7461faa9228ffcd52b758ad0b53a7d549cc17e8ac998,,https://m.media-amazon.com/images/S/al-eu-726f4d26-7fdb/6b7cc388-54fe-401e-8228-dc8c3deab015.mp4/productVideoOptimized.mp4,
98e8e90b3d54f0b0fdf3f74e8538b431dde56940b8ddcef66ab87cbe8bac572a,,https://media.shalion.com/visibility-screenshots/www.amazon.es/2025-05-17/ec58b6a7-49ca-4f6b-b2f0-ce2cbb13fcd8.png,
a6c96150744dbd0abaca0b17360f0edc770f60c5cfd6cd78ee3a995ec652136f,,"https://m.media-amazon.com/images/I/51HsRTXWuRL._AC_SR180,120_CB1169409_QL70_.jpg",
b237c337877517511e57f382d2e0e82cfd14e94aa293ca7921e55c010dae27ef,,https://media.shalion.com/visibility-screenshots/www.amazon.es/2025-05-17/a78a1c25-8f9a-4da2-9190-8e160a438969.png,
87d8460cacfb7abd50e2e03d8e2da60f70d6055f5892808052f689146e903ada,,https://media.shalion.com/visibility-screenshots/www.amazon.es/2025-05-17/bd1118ad-8653-436c-84eb-66832ef92ab0.png,
965dd090b34a48d4564d73c169963ad5edf0b231325c41313c0f71a03e587206,,https://media.shalion.com/visibility-screenshots/www.amazon.es/2025-05-17/6ff817af-0091-4c5c-94e3-45a44462c47b.png,
97fa57f5e61b918177ebaf0e428c7bf6c949306117d2767e0bcaab9316c32e0e,,https://media.shalion.com/visibility-screenshots/www.amazon.es/2025-05-17/86808abc-053b-49a4-bfc2-85f6e4fefd5d.png,
af6da39e7522db3aa815a31c3fb9b85893ed92bf1235a0580466b4aaac47e595,,https://media.shalion.com/visibility-screenshots/www.amazon.es/2025-05-17/eb635d7f-5b92-4280-9451-b722fe4e582f.png,
a8e3c6af3a04294de9a6abe5f5e2dcb1b2601905a0fed85413184e8d2e7c4c67,,https://media.shalion.com/visibility-screenshots/www.amazon.es/2025-05-17/26b29e34-0c88-41c0-b340-5d0ca75640cf.png,
925121143d189103a9a509d075c4c004055383ea220c1557de90a9ae11eb035e,,https://media.shalion.com/visibility-screenshots/www.amazon.es/2025-05-17/ac91e4ac-e84f-4ec3-bccc-76b8f3ef6d75.png,
bf2a2df7744cf4eff7395d59bd48ece88357ec5672f0264a24f8662b58a2a770,,https://media.shalion.com/visibility-screenshots/www.amazon.es/2025-05-17/6bb7ba0d-d21c-4703-b1e3-bc8c9ace876f.png,
a6bd8e1d35762c17538caa466a9793ec985078db290632eabaa83be065b40853,,"https://m.media-amazon.com/images/S/al-eu-726f4d26-7fdb/d0954f20-ab38-4e5b-aab8-77ce7c86398d._CR0,0,1200,628_SX507_CB1169409_QL70_.png",
7fc78ba35849ce51a265d0530db7ca5bc190491078d80ed7d47174df5909ac55,,https://media.shalion.com/visibility-screenshots/www.amazon.es/2025-05-17/1f2d9f30-2d95-48a1-9ed5-f48fcb6d1e74.png,
7f265a36ccacd694a1990cfbb6075726a3388b4ac85375d3b1f7f2733dd69403,,https://media.shalion.com/visibility-screenshots/www.amazon.es/2025-05-17/d4a910ad-c90c-44e0-8315-b6bc584ef87e.png,
bad2dc2ddf7e59ac3cac9126e86ae4ad87737000be84f0d1bfc2fbd00dce9758,,https://media.shalion.com/visibility-screenshots/www.amazon.es/2025-05-17/af0fb786-e19e-4e38-b0c8-9ea1e0140dfb.png,
975a8bdbb9516358fa842315b99c8a0ed981a322d48048c52d398da70e0516fc,,https://media.shalion.com/visibility-screenshots/www.amazon.es/2025-05-17/bc44da4b-295e-4023-ac8b-66dc6c8aa534.png,
a65fb29f2caf31ece9f50ce87de83efa018488121a80bd28dca81c3bd2edd49f,,https://media.shalion.com/visibility-screenshots/www.amazon.es/2025-05-17/952d8972-afb0-4861-8d95-b0c61b53c667.png,
b1ef2c689a8982554435cb75feac96026c928faf2afeaddf9ade374ec528a50e,,https://media.shalion.com/visibility-screenshots/www.amazon.es/2025-05-17/9187db40-732e-41f9-a309-57f79ca04131.png,
b8bd7f295ff4a348b47373f0c46acc5185a29c804e2a4bbb744dec911af4cba3,,https://media.shalion.com/visibility-screenshots/www.amazon.es/2025-05-17/4dd83973-d43e-4e33-a292-0f4620287636.png,
87875ad3916ef96cef345c6a107bcff2bd4c2f62447d91ea3421fb204c14acdc,,https://media.shalion.com/visibility-screenshots/www.amazon.es/2025-05-17/a8d08c11-af71-4f28-a192-37bd6dc18cb1.png,
fcc7e6f9f26947f893ec40a9459c7dd62309273b4cb45b5008f81537487de1e7,,https://media.shalion.com/visibility-screenshots/www.amazon.es/2025-05-17/a9093d51-aa95-4b3e-a47a-1df716f6ecc5.png,
c5779c5d037f79284789a7b85cd0c151dbdcff9e7c5002882b81267cd3a861b0,,https://media.shalion.com/visibility-screenshots/www.amazon.es/2025-05-17/2cbd8bd2-7ad3-4f37-9b40-18b6225a79db.png,
977bda7864f519fc0c02238e67db6ff912bf9cf98ef7f9d3d332065773f80701,,https://media.shalion.com/visibility-screenshots/www.amazon.es/2025-05-17/e5721c97-7646-4cb1-a49a-62c3975c9d16.png,
81ac4da5cafaf4b66c2f553179191128bc65df49712670aed665aecc3083396c,,https://media.shalion.com/visibility-screenshots/www.amazon.es/2025-05-17/a79a0d8b-b716-4fb0-b1b3-0cff0cbe363c.png,
c72cc2f5f799ddb14bad740b6d385a426a4be2bd1a35d5f815bd2eebac040d4a,,https://media.shalion.com/visibility-screenshots/www.amazon.es/2025-05-17/708740b5-c8e4-4eab-8c7f-59ceb19d1bb1.png,
80204bdc227c6a7759928b9ffe807d04eb82ef86c507777bb9af0eb8b15b1299,,https://media.shalion.com/visibility-screenshots/www.amazon.es/2025-05-17/bd67160b-1d5a-4a4c-a119-aa6026987d90.png,
c9104f08a06170bf42192cc2d05e2a129374a4ee8bd89a75ee7d12ff84dd6a2e,,https://media.shalion.com/visibility-screenshots/www.amazon.es/2025-05-17/c20d9a64-e2f3-4a57-96ce-c033fd909d4a.png,
bc68bf85e9cb45e52f3783fc627c6b1974ac27488baaa681a4feb9a0f3552387,,https://media.shalion.com/visibility-screenshots/www.amazon.es/2025-05-17/d6d33119-54c4-47d2-b338-2917a4a50b3a.png,
b537993f867def82a6cd8b4cf94a371aa61ae16a7c3204d36b2eb78e75730717,,https://media.shalion.com/visibility-screenshots/www.amazon.es/2025-05-17/94b1ae01-9e43-492c-a0d1-9c76bf4f8554.png,
83970507cc40ce098842446a80f60b7332dfb980fa5e3ecba94793d55b7a5dad,,https://media.shalion.com/visibility-screenshots/www.amazon.es/2025-05-17/69f8aa47-bc53-4cb9-a03d-3a14b99bec11.png,
b244dec54978d9aff5986ed9ba8cc7e2a6bcce6b8888b6a3a549a748bdafd65f,,https://media.shalion.com/visibility-screenshots/www.amazon.es/2025-05-17/2158a17e-c855-4ab7-a9c3-b80a8a3d36c7.png,
a1983892cc17eb6c7a689fbc337d8c0acd52143075d87c4f98a72892f7138084,,https://media.shalion.com/visibility-screenshots/www.amazon.es/2025-05-17/08275af7-aa3d-4f6d-9f5a-612aa4dbcc5f.png,
a99a9e29bf8d481b2011673511047c9ea8259cbb56a73d278e64b4752ab4892a,,https://media.shalion.com/visibility-screenshots/www.amazon.es/2025-05-17/430eec02-54a8-4b0e-bb9e-704ce4911d9a.png,
b5bba60eb5b421b354f3fd193e64658e8c8cff4d382b8c98614a72a49efdd3dc,,https://media.shalion.com/visibility-screenshots/www.amazon.es/2025-05-17/7f364b1b-1eef-467c-96a8-5bcbec1747ad.png,
b42ebdcd09706d45cee701ceac4f1028848d6f0a49089eed35f3b67afefe01ce,,https://media.shalion.com/visibility-screenshots/www.amazon.es/2025-05-17/cab7c689-426e-419b-b2cf-e20f20b8a02c.png,
b25aa30a93ae21b134b656605cb55cba532ec0eaf7c594bd31889429b3d6a5bb,,https://media.shalion.com/visibility-screenshots/www.amazon.es/2025-05-17/b2c0984f-1d53-44d4-897a-6ae12dc19ebf.png,
ca7d97722b3847a2db58ce2be296cfa3bd7d845a20ed3cc3954ebd58c1068377,,https://media.shalion.com/visibility-screenshots/www.amazon.es/2025-05-17/bcc7ab81-4846-4540-af4e-4cb5848de63e.png,
8e8ef5df9260a442f40306b45982c93381491c2412f8602511bc402013f71ec9,,https://media.shalion.com/visibility-screenshots/www.amazon.es/2025-05-17/27ca5df5-342a-4223-8311-69ad2b064c3f.png,
8b8d2299f7587b0655a82de331edb9e5e3527faa97947f78e3effeb2692b843a,,https://media.shalion.com/visibility-screenshots/www.amazon.es/2025-05-17/9db46033-933a-405c-8d32-204df8c27f69.png,
9bd7b0ff84e874028365faa7c3034aa9be519cdcf8c75d602c2b57d27cd8bdca,,https://media.shalion.com/visibility-screenshots/www.amazon.es/2025-05-17/85548929-8b91-4690-9280-ef46cd3d3188.png,
9c14cf07d0f8a079f807a8b7fd61fdfcf836451a8bc328da16e2e0da76a47039,,https://media.shalion.com/visibility-screenshots/www.amazon.es/2025-05-17/3b160c81-3bc0-4123-8414-f8bfbdc5863b.png,
b6f0b761df5813c0ffa0368142d917b9e8bf59e52d6349e33d61b63b826b3c8a,,https://media.shalion.com/visibility-screenshots/www.amazon.es/2025-05-17/8884d164-fded-42d4-bce2-f3a5007ae801.png,
b0dde935821cbbe1e3798e8e757083e765b9c350cc92995c0b645c09d0356f7f,,https://media.shalion.com/visibility-screenshots/www.amazon.es/2025-05-17/e48044d4-897a-4483-8f8d-42cfb9dec24d.png,
c07267dab60981ca7f01f9b70dc8050fd6228175646cdbed61883b7e317d3e14,,https://media.shalion.com/visibility-screenshots/www.amazon.es/2025-05-17/819c49b9-114b-4d18-b696-02d1078b2fe5.png,
ab61047f8fa630b7b85b533ee3add495381cbd624276ddcb074380de1ebe63a4,,https://media.shalion.com/visibility-screenshots/www.amazon.es/2025-05-17/00753ca9-8c08-4f0e-a6c8-ecc76474e731.png,
976379108d1649028aa580b5fedc7e305064d022d65a347af80be7b2aa81ff37,,https://media.shalion.com/visibility-screenshots/www.amazon.es/2025-05-17/81b52adf-abc8-42ff-b9e5-9dffc2c7eb49.png,
b68c8961b5b1b3d705b3b800048fca8c958b174968025eb35b3dad93db27a3c9,,https://media.shalion.com/visibility-screenshots/www.amazon.es/2025-05-17/c8614e59-af7e-44d0-9a25-70d90e95738f.png,
af989a80f87a79e65cef9d7c41565af738a2802b776fa0769c6cb1fac3974765,,https://media.shalion.com/visibility-screenshots/www.amazon.es/2025-05-17/dc11aabb-d0f1-4a49-9dc1-b73ef80bcbb3.png,
92c678fd746a2da2255d5a2abdfa60e8c9179f482b698080ca9691d1b224f6b0,,https://media.shalion.com/visibility-screenshots/www.amazon.es/2025-05-17/22b8d4c1-deb7-45aa-9722-b1dc0d610b2b.png,
ba76e0bfa7e9b711dca8e08319033124c9e424ca7fb86e4acce7d51c8ab036d3,,https://media.shalion.com/visibility-screenshots/www.amazon.es/2025-05-17/f696c131-dcf3-4800-953a-ef6f8f28f02c.png,
997890cd45a582d865e258d2081fe6fa0c3a5a8d6b79664e5b6b4184c1eab3bf,,https://media.shalion.com/visibility-screenshots/www.amazon.es/2025-05-17/d55bceb3-91a8-4707-bdfc-e24e18c3bb0e.png,
a224e97fbc184e6c8c50b64303fd900cc2ef81b1b4500a76689ca76ea64929bd,,https://media.shalion.com/visibility-screenshots/www.amazon.es/2025-05-17/26dd3d74-a593-4253-8518-1cd28311eb53.png,
885055346b5510ede173d2d093aeb6514aae17235a41bf4332937895d99c9b38,,https://media.shalion.com/visibility-screenshots/www.amazon.es/2025-05-17/cd04ea41-e2a0-4af9-8cbc-aa9d207b6b02.png,
a9a86af796ee4d5af54d2e748a12d6860953c4ebf8eecf468612b964cbc58d66,,https://media.shalion.com/visibility-screenshots/www.amazon.es/2025-05-17/6e1caf32-0e1d-494b-8859-eb4ea7a3094c.png,
8b0ab57af262f44919b2b5751f678e060d6a3da8d609095b9dfc3555fc16cda8,,https://media.shalion.com/visibility-screenshots/www.amazon.es/2025-05-17/61320a64-a0f1-40b8-9def-14faadff0e75.png,
834e256bd87290f10a0f83601a963f67db459db162fa0708aa34da65aefac512,,https://media.shalion.com/visibility-screenshots/www.amazon.es/2025-05-17/daf1169e-d43c-4b73-8f23-65e08cc8a73b.png,
8f56b1a24aa7908d24aa126be2a966961ff2959d81c3c560de64ab744ac73d42,,https://media.shalion.com/visibility-screenshots/www.amazon.es/2025-05-17/cbc0975b-7300-4524-b056-b0ca053f9ae1.png,
973572819206efb5403ef0b1657fb161dd888817583143ba510c3b84e996c14f,,https://media.shalion.com/visibility-screenshots/www.amazon.es/2025-05-17/9f8926db-e52c-47d6-b6d9-db978eb38f5c.png,
c2bce83984c0160693b4de55fe25f64149aac03beb0a2144dcfbf2c3b8f3e61d,,https://media.shalion.com/visibility-screenshots/www.amazon.es/2025-05-17/a4e60252-3935-42c1-bda9-edd320c74b15.png,
aad321ef6aa6b296e7ecacac0b3edc443b39b9171135b7ddc2608e5ab8fbda13,,https://media.shalion.com/visibility-screenshots/www.amazon.es/2025-05-17/5711b0f5-f624-4d30-b855-7d077f5c2f15.png,
972b08e2f836a88d24a93c6270a227a49feaaa6a5444464acb826bf08ec44bf2,,https://media.shalion.com/visibility-screenshots/www.amazon.es/2025-05-17/0cdedc90-dead-4cc2-a2e8-4cbc1d058a72.png,
ae304575addf9695df3badd940c6c4de9424bcd5725e55efde12eab551879593,,https://media.shalion.com/visibility-screenshots/www.amazon.es/2025-05-17/75e29f69-3a77-45eb-a100-01fd3e341c21.png,
a69ad738f345835a11bac6a146e46a78965ac42b94d5a6810ddf76743e96f52e,,https://media.shalion.com/visibility-screenshots/www.amazon.es/2025-05-17/8f5601e7-89d9-4726-900d-f1e4f252df80.png,
94cdd3a9f4d263b3b0d23f3da4dacb879a882a95ac003f471f78180e7736e3b9,,https://media.shalion.com/visibility-screenshots/www.amazon.es/2025-05-17/68f1bc6a-b712-4333-b5ca-072575afe38c.png,
8f9f5cf0a1c0f46476bbe12d56ee07c26ed7079cd1098bfd83f2373113b49910,,https://media.shalion.com/visibility-screenshots/www.amazon.es/2025-05-17/d2037234-55c0-46a3-b9f9-a0b965bd0955.png,
a8fa37d432fe5a594790fe65ab7b9f29721aaefa1637d6c205d04763f7e6f027,,https://media.shalion.com/visibility-screenshots/www.amazon.es/2025-05-17/c485014a-34a5-4644-953a-4d2cead8eac0.png,
8241fd4954a7eeecbc3c73399360e02a774cceca6c2e186357e2c1a39cbfba25,,https://media.shalion.com/visibility-screenshots/www.amazon.es/2025-05-17/dfa10eb6-cc9d-416d-81b5-96632a56f501.png,
a485a21c1d43d97f3c28e60f9111a42ea107f2ffe77056da34aa4038cd2449cd,,https://media.shalion.com/visibility-screenshots/www.amazon.es/2025-05-17/fcfd95eb-f96b-4ac6-9c20-71c393501c06.png,
abdf49682bc67e834fa056d86f4fa6fd5d333a3a555edf8095618e841b5e58c3,,https://media.shalion.com/visibility-screenshots/www.amazon.es/2025-05-17/5759b86b-ac89-4ad9-882d-41624d564dba.png,
bdb4489c1dc1db9113e19081aad24e514089b5c1d4f85b8ef7329691a22ff453,,https://media.shalion.com/visibility-screenshots/www.amazon.es/2025-05-17/71209c73-f0ab-407e-850a-a4648b13bc02.png,
833622a5170d283389c53350e059a92ae62c02af49364ebff03e946975ed2631,,https://media.shalion.com/visibility-screenshots/www.amazon.es/2025-05-17/924cfb13-6e2f-4cad-b5d2-d3083f775713.png,
bceb094699043072b8f33b836e565b9f85d14f3c4b8fac3684d43353479f6ffb,,https://media.shalion.com/visibility-screenshots/www.amazon.es/2025-05-17/98c5f409-abba-46f0-a92a-e3cf57446468.png,
afc420b26e0c1510e299cf2cea250bde91f017d51ad10d788b0e5411c39497c2,,https://media.shalion.com/visibility-screenshots/www.amazon.es/2025-05-17/6c2833fe-3c49-42ce-99c1-e66d65326dde.png,
a31669c9db8d5f622ad2a57dca4b011a42bba6c88dfbe885946addc5e69637ec,,https://media.shalion.com/visibility-screenshots/www.amazon.es/2025-05-17/d7f84517-6c66-4c95-89d3-b399504d380b.png,
9d5cfc92884539a90f7f35fa98b254b0af5d70fbb4debfa98cf84791d1397855,,https://media.shalion.com/visibility-screenshots/www.amazon.es/2025-05-17/d55599f0-8e7e-4f8f-9cd7-5bc9c6603a2a.png,
c6640f0a51ef69a65218f6bddf02cb3f8d60d21f60b3aaede53669bcefb05833,,https://media.shalion.com/visibility-screenshots/www.amazon.es/2025-05-17/a4164f32-49f5-4f8c-8414-133b6ece4d9d.png,
bfc32c04055dd329660c2c3ea8feb8b8d3a2ff95dcb9ea43d45860932b7c2dd7,,https://media.shalion.com/visibility-screenshots/www.amazon.es/2025-05-17/65b0adc1-b7f7-42ea-9bd0-04b4b521ae49.png,
a332256f571de6fb080411b17bcbc35fe76fbbd7787dd9c78741394c41a55c84,,https://media.shalion.com/visibility-screenshots/www.amazon.es/2025-05-17/8b038144-fad6-4597-a49a-ed41cfed3bc2.png,
bd65e234dee97d9901b626ce917a40ddd92b26e51b769bb4c67883f0b0434f0c,,https://media.shalion.com/visibility-screenshots/www.amazon.es/2025-05-17/c8a3a1fd-3222-4343-8bd4-50fc48b54e95.png,
bf8d7c3c51a3f7016ed256f6e5977e5253887187bdf174707ca13c26399bcd81,,https://media.shalion.com/visibility-screenshots/www.amazon.es/2025-05-17/eac5e78b-c84d-4825-b669-1a796b23693a.png,
c3923e24c67333e6109fa4a8a72bffc1c122e68b06616c99ce7dd42aeabe5308,,https://media.shalion.com/visibility-screenshots/www.amazon.es/2025-05-17/e18bffbb-0492-46db-bcda-6ccbfd67e621.png,
8d0a169c7b932b727fd955af2a08bce011ad4a4a73406988ed4c31ee856d2a0a,,https://media.shalion.com/visibility-screenshots/www.amazon.es/2025-05-17/25fb6655-1fb1-4e7a-9777-e1ec81cd0d98.png,
b121dd734b3046df9d6c4558f20e35642a78264d32bf810d871677a22658aed3,,https://media.shalion.com/visibility-screenshots/www.amazon.es/2025-05-17/6c5a5036-fe44-477d-bbd7-85d0b7b2c867.png,
a2278b6333dbd123e7d30eb00076e3e66006675c3b309835241f99b79afb9aa7,,https://media.shalion.com/visibility-screenshots/www.amazon.es/2025-05-17/1e13ef46-9af8-4699-a353-e270f0bdb5aa.png,
8033452ff1799ad623f0b7092bb7d4844fd7d856651d78b5e5a77e20bee2b70d,,https://media.shalion.com/visibility-screenshots/www.amazon.es/2025-05-17/e941c970-ea11-4df4-b3b4-1000316c9990.png,
7be0ece8ecd51a45d640b05d32323602d9016c5f1a03356036c03c2463ac736e,,https://media.shalion.com/visibility-screenshots/www.amazon.es/2025-05-17/0fe56dde-0959-4b4d-9528-d22482a7cb2b.png,
82ed38d4f86957e7efd30490485e67c9c804c157d0cafa4c803261a17786feed,,https://media.shalion.com/visibility-screenshots/www.amazon.es/2025-05-17/3661ed35-269b-4616-8087-aed7f43c0a85.png,
9b3dc5499adec17ec45ecb5c47523a57a15a8e65ba95d04db22f435820f28d5a,,https://media.shalion.com/visibility-screenshots/www.amazon.es/2025-05-17/ef091be4-0cfb-4e00-91be-2cbede3b817e.png,
a0f853a5139cbf57d47449c24b1277a20cf70f5bf601876b8bae4a0ba1c77922,,https://media.shalion.com/visibility-screenshots/www.amazon.es/2025-05-17/dd628055-14f2-4383-ad25-75636e2064b4.png,
886ecd8a0068cf755eb1e2a473eb56d54d9f03c40e068b16e6eb7c973ce26e79,,https://media.shalion.com/visibility-screenshots/www.amazon.es/2025-05-17/a66ff1d6-28f3-4c59-8799-57638144d241.png,
96dab541e3afd5140f2a3cbbbd43bc316f822a6488178240d715d13b49d2ef92,,https://media.shalion.com/visibility-screenshots/www.amazon.es/2025-05-17/6e853ebb-4fbf-4142-8671-cf3decd81d11.png,
8f1687f7c94c5b6f6b2841d90225cc0ecfc09478c419d4e007283d96f7f70048,,https://media.shalion.com/visibility-screenshots/www.amazon.es/2025-05-17/a221367f-51a7-4e66-a8c7-9957812b0148.png,
a49a5feb5dd3c03920b30699d37dd5b92cf26410408d63fd83650c1ca24b9aa3,,https://media.shalion.com/visibility-screenshots/www.amazon.es/2025-05-17/3ea69b38-7ca9-4650-a0b5-57c8956d2e18.png,
b5401e6a3864b1cdedd7658839591ec58842aefc7345dfa0a36606aa60bb8de7,,https://media.shalion.com/visibility-screenshots/www.amazon.es/2025-05-17/4de0d41d-d915-4013-97f3-2f2dd5ec1b4b.png,
a0c72d2aed60a4a0ab68ed7ac36adc8f245f7d8bb122cb318ce7b1ff2855c13b,,https://media.shalion.com/visibility-screenshots/www.amazon.es/2025-05-17/41da9ab5-64d5-45de-aa70-c00a5cfcc9dc.png,
8e7cd58ecba7c2cecb6cac50ab13b826a932eff072be2dbb6cdcc6850c0e153a,,https://media.shalion.com/visibility-screenshots/www.amazon.es/2025-05-17/85effd5e-46a6-4578-9c77-3b0cc213b02e.png,
c4a891cd5c35fea4e614ab5efad188cd510f531d7283c72715c5b64c30dc93e4,,https://media.shalion.com/visibility-screenshots/www.amazon.es/2025-05-17/aa39c009-6804-4b48-b41b-9eddfb525c49.png,
ada3c13de06094fb713b1fd47a969ea5e564f4a9ef37da387b3a0d1dbb0833df,,https://media.shalion.com/visibility-screenshots/www.amazon.es/2025-05-17/81f8538e-a07f-486e-a1a3-1b4a62ecf591.png,
ab0ea6720cd8b85bb13bd81cf78de50047e39e4473adf11e6984d6400351905e,,https://media.shalion.com/visibility-screenshots/www.amazon.es/2025-05-17/23fe5104-3882-402f-93e4-c35d62f89a38.png,
a30bf29bbae1218c646a962b94aaed80e4eabf21406b6e211b2748f9f1ebc1a6,,https://media.shalion.com/visibility-screenshots/www.amazon.es/2025-05-17/d300a9d7-f735-41f3-b3a0-8622b627c8fb.png,
abf6222cb40413bebe4c70c265b47da2c40f3542844338f30a1f91bfa638af25,,https://media.shalion.com/visibility-screenshots/www.amazon.es/2025-05-17/40b0c358-a804-420f-a08b-7473536c2141.png,
99f339d4c46c4adf4bf0915ec35ed4211e06cc44350148bcae6de9cdbc710b82,,https://media.shalion.com/visibility-screenshots/www.amazon.es/2025-05-17/b1fc85be-2a7d-4ea7-891b-0725a761e3ff.png,
9ee5d6a2ea2fca9b110da9fedcd034dd77e071033c8b8b1ed3bd4d856c793498,,https://media.shalion.com/visibility-screenshots/www.amazon.es/2025-05-17/7db7bf35-0aa1-439b-8fbd-a86fcd39a1bc.png,
a0290d8b554f7145c8ad5ab83d45e8d63f5099ee701797647c9d0412c508fded,,https://media.shalion.com/visibility-screenshots/www.amazon.es/2025-05-17/e2e38f1e-2f32-41cd-bba0-4d543b25e17c.png,
9e6847f1ba737d7a6099884971d8d17321ade7ed7e1125382836a0258880678e,,https://media.shalion.com/visibility-screenshots/www.amazon.es/2025-05-17/2b9b6866-7c25-4c20-9ad1-540610c550e0.png,
bb6505ef597bbff88cf5135bd6572c7ca4af0a8ad10591aee33d527cb4bdf4b1,,https://media.shalion.com/visibility-screenshots/www.amazon.es/2025-05-17/f74a5bf6-2e7c-4dc4-ae04-635a34653ab9.png,
978eb3207716fb22fe362430a56bc23f2ae9e97276095974b505162864ac8365,,https://media.shalion.com/visibility-screenshots/www.amazon.es/2025-05-17/bcf22aa8-1ae5-43b4-a803-0ee4a87b503c.png,
a921fb76748b6b77bf45393178cafdd8e03300151afceb41d780cb8fe081a880,,https://media.shalion.com/visibility-screenshots/www.amazon.es/2025-05-17/8040f56d-a069-4933-a388-d5a49a574dd4.png,
a22fdf671668f8eda9c5f66424385f55eb718f67d0c05accbf39b8cae4ad8e37,,https://media.shalion.com/visibility-screenshots/www.amazon.es/2025-05-17/e1e09f75-b7e3-49e9-864c-5bf186b264e7.png,
96dc0c0b6df7be0cc58ccb3cf58893227eb57af9e371fb838b1874d0dc23861b,,https://media.shalion.com/visibility-screenshots/www.amazon.es/2025-05-17/68b98592-465d-4d22-a562-3d56123d7bf3.png,
7a13646d580b6ca8857039cd7c982b43eb6eba3f79c4b8e8d1f4eab4360a9b17,,https://media.shalion.com/visibility-screenshots/www.amazon.es/2025-05-17/3a8abc06-1c93-4ea9-9ef9-41d5bb2c3900.png,
ab8955f4e4aa45e301aa6533161aefc125c79787797bfdef43f8731c2cf8aeb4,,https://media.shalion.com/visibility-screenshots/www.amazon.es/2025-05-17/e0cc6a89-039e-4b55-9843-7b4d1a58f150.png,
b5cce70fc08b39dc22b132a124eb5fb035ed0068469ec5d6b046033a3af80972,,https://media.shalion.com/visibility-screenshots/www.amazon.es/2025-05-17/67d4312c-ff9f-47a1-8d56-0a0eaf079e3c.png,
bcd4d56b7ad5db1fe8c352e5caa183d40b90d595c29f95d270ed7589af634336,,https://media.shalion.com/visibility-screenshots/www.amazon.es/2025-05-17/571ad526-bf66-4dcf-bcce-0e080a9f2ee6.png,
c55dbb4eb07f019d51fc385416c5d949441d7a88bf39baa506c8cd7f764a3daa,,https://media.shalion.com/visibility-screenshots/www.amazon.es/2025-05-17/045995fb-5529-40e8-9bb6-7f2374893c25.png,
85ceaf53f1c16a066ba2342f1a7e1ddcfa1d1e1390ba129fe505c8b69a2a2831,,https://media.shalion.com/visibility-screenshots/www.amazon.es/2025-05-17/f9b12f97-baa8-4c57-8028-1d44dd500c58.png,
b6d52070a620d30659e2a3ad0a0397a9494ce83af326f4979e374b29cd346b52,,https://media.shalion.com/visibility-screenshots/www.amazon.es/2025-05-17/02cd22b1-bccf-4e5c-9e00-924a78025419.png,
ae0e32831a0d3f05c24012d98e2b72d520e292adaf884218378ee199a20db424,,https://media.shalion.com/visibility-screenshots/www.amazon.es/2025-05-17/d69a95fd-bba0-4692-9edc-02c2bf0343e5.png,
b0ce82ba87ff18c571f44cf7d7c7d2faf03fca9789f27b931637976c5b36597a,,https://media.shalion.com/visibility-screenshots/www.amazon.es/2025-05-17/6da2c42e-ea04-4fa8-9584-f2da8e49e762.png,
b1e2d77efd3659d8aa14b821f9989fb18d35dca716ac49d36811eaeb99d5f8db,,https://media.shalion.com/visibility-screenshots/www.amazon.es/2025-05-17/ac6df147-2aae-4f8c-9c7f-c2d6c8cfa17c.png,
c7a6a4295c17e52ed3bf81ee6d667d5afb502f7557057f0f69260b7d1a5c2d38,,"https://m.media-amazon.com/images/S/al-eu-726f4d26-7fdb/90a3bed5-34f1-4f69-b026-2534eb500940._CR0,0,793,793_AC_SX278_SY200_CB1169409_QL70_.jpg",
af664486766b53b6969665aeaeb1a985187b44fdf6021878dd6767cb67224489,,https://media.shalion.com/visibility-screenshots/www.amazon.es/2025-05-17/4e3c1663-60d5-498d-8f72-7a4e29c8d6f9.png,
84a09692e256f093a3210a12e20013362765563aeb0b74508779adb6e02cd75a,,https://media.shalion.com/visibility-screenshots/www.amazon.es/2025-05-17/4ad7d4bf-2043-48b3-bfea-3ce74f20ca8c.png,
ffcd2acc0a1ee9d2190adbd681f9e807a518e58d991fc407e6221aa0097e1d40,,https://media.shalion.com/visibility-screenshots/www.amazon.es/2025-05-17/177b5550-82d5-4790-928e-dd259499e8b3.png,
83ab63396d7dfab4d8e4db5f20d270f039153ea206de41734ccdae47b2a66c88,,https://media.shalion.com/visibility-screenshots/www.amazon.es/2025-05-17/7200b835-8192-492e-bedf-540c6864809f.png,
83021825e83c3b5aeac2ac2e3067115bd28b34d49fe84cbb344dd84d51812266,,https://media.shalion.com/visibility-screenshots/www.amazon.es/2025-05-17/5438e386-bd15-4564-ab38-b7df45345c7a.png,
a2629d1492e947474c84675335b4180abc3b549c936d4bb902d9d287f8ba48f2,,https://media.shalion.com/visibility-screenshots/www.amazon.es/2025-05-17/2166fa53-ddae-48a3-88ca-9adab5c56034.png,
ca266820fc70a6cd8e5b809be86d00da379c704358a21d9b8dd3ba2fc353760d,,https://media.shalion.com/visibility-screenshots/www.amazon.es/2025-05-17/768289cb-907b-4fca-b7c7-96de36251712.png,
b771335b1471eabfce93db7e64521a298d0566740d6f7e807f272ba1ae0aa4fa,,https://media.shalion.com/visibility-screenshots/www.amazon.es/2025-05-17/8ac705da-cec5-4fe7-bd02-3b56f45673b3.png,
ae5fa9427313f0c96ecb2af7549578cb5b021c1f6cc3b0bead1ee95c3d650f41,,https://media.shalion.com/visibility-screenshots/www.amazon.es/2025-05-17/4f5a882f-888b-4a65-9404-4dfa5ae591e3.png,
c6a4c0e7fb8a2aeb853f70a2363247e5b8df42373cf36a0d7a3c453df2299b10,,https://media.shalion.com/visibility-screenshots/www.amazon.es/2025-05-17/51a834b1-eeea-4e78-b58c-8aaa4ba22d3c.png,
c85d0353779841167b8efad8a826f865af307f11174d58bf8f9b0b1df3bf8dc6,,https://media.shalion.com/visibility-screenshots/www.amazon.es/2025-05-17/e7936f0f-6e0f-4443-a0c0-2106e99984f7.png,
98382be57aae65adf15d3b1d6b1e106bca732e578a033b63219c6d87b8dbe145,,https://media.shalion.com/visibility-screenshots/www.amazon.es/2025-05-17/0ddd5af0-7f6b-4af1-829a-144197dc72bf.png,
c64e0b05f11638808c0da7c2e5b3a920106a116e007560d96e53b16d96f98619,,https://media.shalion.com/visibility-screenshots/www.amazon.es/2025-05-17/7512511f-f419-4fcd-a2d3-f2d250b2d5d5.png,
c742ccd9cf478eca3f23e82a7c6ed30328f5c5af94a8d8e599d1a732f7f1a895,,https://media.shalion.com/visibility-screenshots/www.amazon.es/2025-05-17/76c6607d-f4a5-4f95-84e8-c97530318529.png,
cb589cf43bf6d0808bad16d12d7328cf1bc447d3c85e83388972848504ec4d19,,https://media.shalion.com/visibility-screenshots/www.amazon.es/2025-05-17/1ea7ba38-ea1e-4a78-a512-04892605ec58.png,
9fc2db53e1aebf01e3ab86eee28057c30ad05804e0eb22eee642f1f96c895abf,,https://media.shalion.com/visibility-screenshots/www.amazon.es/2025-05-17/7cb88e41-5cf6-4961-b993-e7596d4598e8.png,
90af0bdc45acf58ee23c9631e2c79b59c8cfd93de30b88c5178fab10fcbb4091,,https://media.shalion.com/visibility-screenshots/www.amazon.es/2025-05-17/f646e10c-f4ac-4308-b68b-2201a347a79d.png,
8ff7376dcbe1ab686d1557643e5e9974ba1d3fead3ec5ccd76b0994518ac394c,,https://media.shalion.com/visibility-screenshots/www.amazon.es/2025-05-17/82407f29-4061-4c92-bf2d-95466b993a85.png,
a4101f3b41aece0469644266af0e74073bc8777c93cee854558e558f92fb5b6c,,https://media.shalion.com/visibility-screenshots/www.amazon.es/2025-05-17/48b48f7a-e6e9-4e27-ba3f-8ad9b9868b55.png,
a37bfabee093ef29c85e8fbe4698b3db877172db99dd3f92ae1f35e417fff17a,,https://media.shalion.com/visibility-screenshots/www.amazon.es/2025-05-17/160d7213-eb54-457e-9d6d-3220b015be67.png,
7f605ad3b5de6f44d7ce99e69252498dc8eddea5279ccb6b40d48d78b87bb491,,https://media.shalion.com/visibility-screenshots/www.amazon.es/2025-05-17/92d9e5b6-b307-4c9f-ab41-f5b1ad26de77.png,
c70f3c7f4b799f0c5789ce755aace2800112a69847e92926bb569be6793b6e9b,,https://media.shalion.com/visibility-screenshots/www.amazon.es/2025-05-17/ecd78205-8d09-48d6-8bba-228eb15ebe0f.png,
97b7f86c4e266d4abbf1ad97ebb9487623955f125b2ca1fc3bf11d2b6df626ff,,https://media.shalion.com/visibility-screenshots/www.amazon.es/2025-05-17/e60a4695-67b1-4223-b966-39ce55b0ffcf.png,
7a7250fc8151d98a451aeaa041a0a960afd7b0b404e279d4a78f33210065cb5c,,https://media.shalion.com/visibility-screenshots/www.amazon.es/2025-05-17/b5218627-9ea0-4e00-840e-5c746907325f.png,
c27e933e16e4f316bbd9eda79aef70436aced169a30028b23a6aae17cdeb8107,,https://media.shalion.com/visibility-screenshots/www.amazon.es/2025-05-17/e2241a6e-9995-48cf-b043-c914115f3bde.png,
bb7c9d779063b2590ab90446e488718a79761261654e3a6df8ec0c9faa7df1f0,,https://media.shalion.com/visibility-screenshots/www.amazon.es/2025-05-17/df91246f-9d86-4eaa-8d68-820b637b2250.png,
a77507b0ea4758bca29b5c6d4c1979bee756a4ec90d6ec1b807ff6b6d85a20f4,,https://media.shalion.com/visibility-screenshots/www.amazon.es/2025-05-17/ffe150e4-2e5a-4c23-b383-2b40ebd39b2d.png,
a6c77dbb6674ddd6f3367515c6178a247e5332e5ee1b5aa58a5a528105395f01,,https://media.shalion.com/visibility-screenshots/www.amazon.es/2025-05-17/07f2da3a-8fd3-4a62-8df2-9fea1a2df826.png,
878639d03aa7d271750a19f98b1e80b8f1bdadbd2318a9ce493fdb4045855097,,https://media.shalion.com/visibility-screenshots/www.amazon.es/2025-05-17/20158d13-a959-47da-93ce-2465465f32c2.png,
c704434304f6199cd5f0daa472be17e01f0ac0db5a0f0b1c2a5788f7a8a8dee5,,https://media.shalion.com/visibility-screenshots/www.amazon.es/2025-05-17/f0b0bf1a-674f-41f5-9ab5-7b50d973aa07.png,
c27f5fcd0eb79f914ea1520d26f0e8845d9481fce8ae815c37e2198485332824,,https://media.shalion.com/visibility-screenshots/www.amazon.es/2025-05-17/8716f279-c9a1-4dde-9ed8-83954c9fff07.png,
a767248e293b4fb83461c5785cda0deb49bb04d685968ca0c2c47e79979c97d8,,https://media.shalion.com/visibility-screenshots/www.amazon.es/2025-05-17/5e473ce1-5fb8-443d-b62b-09953afaa1b8.png,
acc3c05b76a8a29a3e08867f863c09a400728bfa544ccc3060b45baaa72a344f,,https://media.shalion.com/visibility-screenshots/www.amazon.es/2025-05-17/ad571adc-1849-4d1a-acd2-da8787b89dcf.png,
b4dd8dab85700178f6ae19f573613754ffddd6e5b9698889c7eb7cf8878d3c9a,,https://media.shalion.com/visibility-screenshots/www.amazon.es/2025-05-17/4b7112bc-b448-4832-8ad9-3ee4b89aa03e.png,
b53bf4e20d5c5f1b598249baec92a44d10342430fb5f586b79ba446d047743e6,,https://media.shalion.com/visibility-screenshots/www.amazon.es/2025-05-17/5bd21268-94d0-4f46-ae6f-a865dc331cfa.png,
93d841183738e15d0670963a5812baad81e49e01f108d5b2820901e70d6fa7ad,,https://media.shalion.com/visibility-screenshots/www.amazon.es/2025-05-17/c3481281-385d-44f2-97e8-0259a56d7739.png,
ac0029ce986263d166b23f09d8893c11511269d24c34bd170af784c567ecd3a1,,https://media.shalion.com/visibility-screenshots/www.amazon.es/2025-05-17/f58317af-edc6-4509-b052-18d32ec8c388.png,
f461a46f88624b2cd5030f8403a6284f1d78d9fa56a75275cd8cfba01e6ef6d0,,https://media.shalion.com/visibility-screenshots/www.amazon.es/2025-05-17/81110841-059e-44da-97a0-ad84a7224939.png,
7d802036147d20ca88484d509ccde7f3425afa39ee68ca3d87dcbaa6313e2920,,https://media.shalion.com/visibility-screenshots/www.amazon.es/2025-05-17/cf633121-79bc-4802-b35e-6c98d0754a37.png,
a404a85c3f8420f9acd6ada34cbc5ff5a4eea957533963eac602588dbb4fc3d0,,https://media.shalion.com/visibility-screenshots/www.amazon.es/2025-05-17/0948152c-1261-41ad-bdf8-ebb98fcf15a7.png,
996ce836c30c77ac4c31aecefa9e20f4832c8f9e0932a3d173656032d6d2f770,,https://media.shalion.com/visibility-screenshots/www.amazon.es/2025-05-17/6c3d2179-0517-4801-b443-f15821e32369.png,
aa084d0b618c9e5ed335beba732762a70c75d15d4697f469d4364bc24b1bbbb0,,https://media.shalion.com/visibility-screenshots/www.amazon.es/2025-05-17/c3acea62-edc9-42ef-9b11-342b873c1f7c.png,
96bc7c9e94e8299d76cce535b9e68a2296ff4a928773164cb2c455b826261b58,,https://media.shalion.com/visibility-screenshots/www.amazon.es/2025-05-17/55f1506b-53eb-4477-b222-d452e4bb9eb5.png,
b94dcc4ee5f0c690f7860459a729ad4fddd612229e9e958c7d6a0bfaeee87891,,https://media.shalion.com/visibility-screenshots/www.amazon.es/2025-05-17/27b0c0a7-68f9-46a6-81b9-51e55e2a0f0c.png,
c80c8f1c86c94906e6a247f0966819270a7078ca062e2ec9edb03efe869dc809,,https://media.shalion.com/visibility-screenshots/www.amazon.es/2025-05-17/0f8f3120-8151-4bd6-99b4-a98b8b797a93.png,
8d91959f00e01552862d82d947e5fee3d6c2b324fae36d9b375ecb0b3e8d56a7,,https://media.shalion.com/visibility-screenshots/www.amazon.es/2025-05-17/09fc9525-d0d3-4333-a7c8-f130c3759f3e.png,
81c4d66d8a318a1364b75dff03731f8a493a3a090c73a83ba58fd797495ac401,,https://media.shalion.com/visibility-screenshots/www.amazon.es/2025-05-17/dd1312b3-f473-4814-8c20-29156bf18a3e.png,
be5225e3ad365173afae26e92a32f3ac06d5c683ed0cf5c53d77f43c8e642dc3,,https://media.shalion.com/visibility-screenshots/www.amazon.es/2025-05-17/fa6ad15f-86f9-40f0-82e7-e0f9efbc291d.png,
a86560124bf8a1d13cc44107e6bdb79bb80af315ccc8646dffa0bb135bda69e0,,https://media.shalion.com/visibility-screenshots/www.amazon.es/2025-05-17/514e7088-6ac1-4287-a964-9f2c414a3f4c.png,
7a7cd81f0b21daf7d5171141d55914a47ff951a3f5201b58ad40063105192448,,https://media.shalion.com/visibility-screenshots/www.amazon.es/2025-05-17/96e6c4e9-f7cb-4fc4-bc7e-4abbdcfd7e81.png,
a1c716cdb839015fd206b5f5425744689fc912cb3607bcd65de692443aba4477,,https://media.shalion.com/visibility-screenshots/www.amazon.es/2025-05-17/1691bf36-cc8e-441c-a34f-54c3ba07510b.png,
b3064322dbc567ac594dab6126f2286a46937768db092931711db8ec803637fb,,https://media.shalion.com/visibility-screenshots/www.amazon.es/2025-05-17/fabe3fbb-3a83-4557-9f80-8e56b3ded6f8.png,
98c8dffcf9a688fd0576d836528957f74e8af0277b664ebd8b46ab51053d3af7,,https://media.shalion.com/visibility-screenshots/www.amazon.es/2025-05-17/7151ae06-af6d-4563-9df5-844c81816bca.png,
8e0989186cd7b3dcde6f32609576ed72bafa129cc90295eba667a1f8043cd2ee,,https://media.shalion.com/visibility-screenshots/www.amazon.es/2025-05-17/e71f67c4-313d-432a-8309-31ad40d398b4.png,
a58d0c3b598fc68d25dbeaa4723e65544ffa40634fcabd003ef1d63bdaf43f6a,,https://media.shalion.com/visibility-screenshots/www.amazon.es/2025-05-17/20937fb1-eb3b-4b77-a398-b414aa6a9a80.png,
93eb9d5bfa8524be268666f71470321310641e089f4e99d7eaa41431d4bf882a,,https://media.shalion.com/visibility-screenshots/www.amazon.es/2025-05-17/a62a513f-6b85-4a45-a468-9b6f643918b3.png,
98871d22a8ff703cac03959b314babc0f8de69d6d8085d3c3d53ceedd0da6903,,https://media.shalion.com/visibility-screenshots/www.amazon.es/2025-05-17/19d32890-6dbd-484c-8867-8034a0690adf.png,
7fd366b420b6ab5430657e3dcf1c1a7afad7785f7eeea0bcb588ebf17eb25bb8,,https://media.shalion.com/visibility-screenshots/www.amazon.es/2025-05-17/2756f923-db02-49bc-ad3d-65a28d4fc6ac.png,
9b3b810e46f4cd0705c43f2e6760b32104d81dc9f50cae299175c93ef70cf328,,https://media.shalion.com/visibility-screenshots/www.amazon.es/2025-05-17/d1117146-a375-430f-9f6b-91c6d84ffe52.png,
af1d8ff7fcc8effccfc073f44bd339a0f8399470933eab8d142c20e72af3fb66,,https://media.shalion.com/visibility-screenshots/www.amazon.es/2025-05-17/04042e4a-6e60-4b0f-923b-23b9bddef810.png,
914b7f8439fa10214157297038dda1654a203673ea1ff15db4567f800f56340b,,https://media.shalion.com/visibility-screenshots/www.amazon.es/2025-05-17/b35aaa5f-c753-4a2a-a945-d414aa67c4e2.png,
9975bf442f4050a3b40e6e7085ff9f370501af4913aa48e87abcd7c74e60336a,,https://media.shalion.com/visibility-screenshots/www.amazon.es/2025-05-17/f51d149a-ae7d-4546-8139-a40ba36d20ed.png,
c5ead9b553f0e4af05d58b0ceaf14b01763907b40b1d092f9313f11829b8e3fb,,https://media.shalion.com/visibility-screenshots/www.amazon.es/2025-05-17/82aee0ef-2729-40f0-a92c-7cdd9c1b1230.png,
c09757c9273d115445ba9276f9d5a9f2629b353c6ae4caa6c5b8ef5b894ec2fb,,https://media.shalion.com/visibility-screenshots/www.amazon.es/2025-05-17/da385399-18a6-4e27-a7ce-3f7b159c2b1c.png,
91cfc104468b37cf7ff4687d7bdcb6b0042837db21925c7ba8ccb61785e9490b,,https://media.shalion.com/visibility-screenshots/www.amazon.es/2025-05-17/5b331733-04d0-414a-9011-9f9478e6f082.png,
c0c73aa3fef6acbb93953e3e9b0f031b78a2407461bdb520e976148ec20d1e6d,,https://media.shalion.com/visibility-screenshots/www.amazon.es/2025-05-17/d3f6af04-04d4-491b-afc2-03430826a4b8.png,
86021606556e77303e1911ee44190e69bbfdb0334f334996ab4ca4896b281bce,,https://media.shalion.com/visibility-screenshots/www.amazon.es/2025-05-17/910246fa-6a4e-41a6-8243-e98d407989c1.png,
af98d52792cb30a59384149606fb4658700b324e5cb9ea34b25b8910176bb543,,https://media.shalion.com/visibility-screenshots/www.amazon.es/2025-05-17/7d6f3a8c-ad72-4d1d-bb75-b35a18ef9b5e.png,
9bd43f7d1d35dd1755e4256f10fe12df2b7804132bcf3b4328bbed92eae16fe4,,https://media.shalion.com/visibility-screenshots/www.amazon.es/2025-05-17/212de566-d7b6-409e-9b34-2fcbf7fa53ec.png,
859f833c1d056dac188e8b3b7c70ae831eb27216a9ed39a896acc4ad8e3fae5b,,"https://m.media-amazon.com/images/S/al-eu-726f4d26-7fdb/13e14c98-e776-4df9-acfd-5561bf6d34e8._CR0,477,2000,1047_SX507_CB1169409_QL70_.jpg",
88c48fef7b10b64478da815b62472c9e61adfe85abf99f887905050d7e53ce1a,,https://media.shalion.com/visibility-screenshots/www.amazon.es/2025-05-17/95346da9-d49c-4d04-91c5-54c0f0cb81b8.png,
a8004ba4210aa0d209b066919af619708bfe2cf5806454b4381e298d4085ba35,,https://media.shalion.com/visibility-screenshots/www.amazon.es/2025-05-17/d1b40b12-866e-4c7f-aa88-76e5955649a2.png,
b704ed6c22ad57ce1f6605a4e61a375f442bf2d637fc09bb33b861b274ce17cf,,https://media.shalion.com/visibility-screenshots/www.amazon.es/2025-05-17/6031d3e5-865a-4e13-a47e-362ff1509c5d.png,
90cdb1cd6a0b1b31760c19a138d1bca89443302aa575569b53b5081eeacd702a,,https://media.shalion.com/visibility-screenshots/www.amazon.es/2025-05-17/4458f285-7668-4e01-ad89-65e9786051d9.png,
81e4e57aeef0e9f649003973156005c157331693f26a3020d490936f18a6b210,,https://media.shalion.com/visibility-screenshots/www.amazon.es/2025-05-17/211ef803-9a4c-4f84-9f74-1185cdcb4438.png,
8c44ed54e2087cc9e7fbbf6c576eb75ecffb9fc18fa58ea9993eda40f4b071ec,,https://media.shalion.com/visibility-screenshots/www.amazon.es/2025-05-17/3f50b8a9-affb-46d2-af27-d2548dc54105.png,
bd9fd6f29fed169c9bafb6508b07b29678d846b765523badb63818f2f96d0305,,https://media.shalion.com/visibility-screenshots/www.amazon.es/2025-05-17/ec61c0eb-d7a4-4e43-a143-4d342fa737ac.png,
825869756df17cdc3e95b63547049df573dcbf5e3f4892c23787f1b7b25dfc03,,https://media.shalion.com/visibility-screenshots/www.amazon.es/2025-05-17/8f8f8cec-0603-48f8-bbe7-aad90934e16b.png,
c78ca4d1017a8c0560db1b97a9881bc77116080439ac5b8e9127a32e2723f1aa,,https://media.shalion.com/visibility-screenshots/www.amazon.es/2025-05-17/6ec019e2-7402-4f11-a56f-f32e0d55899d.png,
c64f11f7a818618629ffa34b2490b0cccfb239875a2c67a1398dc983d271735f,,https://media.shalion.com/visibility-screenshots/www.amazon.es/2025-05-17/575c797c-5c0c-4545-b870-40406c260890.png,
7b522a0d2aa78d8ea98a95dbd2ec423f3cb48da3b666757cbf5ffd582c82d87c,,https://media.shalion.com/visibility-screenshots/www.amazon.es/2025-05-17/bba9a6c7-dff9-441f-a8b5-feccdd5a0ca1.png,
97fdae7c0e356296e7f92c81ac268f83aa561f3d755d991769a583ec0cb77e6b,,https://media.shalion.com/visibility-screenshots/www.amazon.es/2025-05-17/06e7dc78-af2e-42c2-8077-682ba8b66eaf.png,
ace4982278469ee2b5f8fb10de50c68aed404cbc15a898772936e895baa89107,,https://media.shalion.com/visibility-screenshots/www.amazon.es/2025-05-17/65fadb65-c2c5-4db3-90ae-e8c738437d82.png,
b25cf727601ea3f84fcb8fdcd54c2113e76c47a7d5bb46095f48dc2ca47ce740,,https://media.shalion.com/visibility-screenshots/www.amazon.es/2025-05-17/d7026004-68b7-46fd-9691-4ac99445e1fd.png,
a2cb90e85c29bf8b91878fa929ac7d97d2c1af855f982a6010c569ee9e6a3908,,https://media.shalion.com/visibility-screenshots/www.amazon.es/2025-05-17/6491accb-bd5e-4a72-a1f2-f307a3295d8d.png,
b8cab226242bfebc5023025865c618e89089115d28a5aeb921ec979530bf08d3,,https://media.shalion.com/visibility-screenshots/www.amazon.es/2025-05-17/50b003f7-32ba-46d3-853b-fb952805b706.png,
91d1c95fb3bd9bd4e8cf6f868d043f3ab275c6430eb0c19c6100c0905c07b947,,https://media.shalion.com/visibility-screenshots/www.amazon.es/2025-05-17/c213a20c-9c4e-4469-988d-f4adbdb0220d.png,
af1ad8c860d32e2b0dc938b922e64341f4cb5de9319aef2ffd48359a0e3ec2c4,,https://media.shalion.com/visibility-screenshots/www.amazon.es/2025-05-17/8044f114-3e2e-4a38-8ac2-5a3497c93bdd.png,
7e14ee23414f51354904a3ac112dfbbc2e9d4ddb1e5d18c037f5fd8e70615f78,,https://media.shalion.com/visibility-screenshots/www.amazon.es/2025-05-17/28e3a90b-46bd-43fe-97ba-274b02303ce0.png,
c30b8c580062c7f1f53e3e222d8c682a324c65c2c72505200384cabe4c1b3042,,https://media.shalion.com/visibility-screenshots/www.amazon.es/2025-05-17/1ca8d73f-d7f8-4e20-b7e8-f130d9b5ee15.png,
a7c42ea9c4bfe889fb8dca47f6b980f5cada7361c701e56e3d15a5c40fc15620,,https://media.shalion.com/visibility-screenshots/www.amazon.es/2025-05-17/ad30fa2b-413c-46bb-ad5d-eba2c71e6078.png,
c50589f3959c2801edf45412da962dfc82faeaa500e219d771d7112c28b9f345,,https://media.shalion.com/visibility-screenshots/www.amazon.es/2025-05-17/0c9f147a-0d4f-4a46-8a08-6f94167c77cd.png,
a6504ca6841e422473b1815a48f725118af45f38fc171be1ec17734e5a8efd55,,"https://m.media-amazon.com/images/S/al-eu-726f4d26-7fdb/e0e64ee5-a4b8-4a70-9e14-c47ad0191195._CR0,0,600,600_AC_SX175_SY100_QL70_.png",
94d58930ea36b908f0d0281f11c34681df92a70659203f8636a2cf19d609db6d,,https://media.shalion.com/visibility-screenshots/www.amazon.es/2025-05-17/cd727699-e809-435d-8863-2ab30bfabeee.png,
a5b47ff694c1fb65298497eb253ad9caae1c4603f46cf9f54784d9e78db9536a,,https://media.shalion.com/visibility-screenshots/www.amazon.es/2025-05-17/d619fba0-5697-4cb1-b520-5c51cb208cc9.png,
9e542294677ec5f047f99e629cafb5d8f48c0fd63685607906731a2c31dce214,,https://media.shalion.com/visibility-screenshots/www.amazon.es/2025-05-17/caa583d0-24bd-42a9-a441-e10a014c6d5b.png,
accec921021252ff4b987c459862a659f85ed9836fd8996bf4ed650441ffea55,,https://media.shalion.com/visibility-screenshots/www.amazon.es/2025-05-17/c12dd372-2ae3-4eed-915a-0cf1edf0ef5c.png,
8fa4dda688950f613908dd199f6b3cf0355f831d03784a8a2f618fe3c3f1c159,,https://media.shalion.com/visibility-screenshots/www.amazon.es/2025-05-17/5cb02ba6-546e-4105-8e3d-6d79c28e31c0.png,
b22ae6269e7285e0ac0ba99244e193217d26a3e18028872a92cf8b5acbc376cf,,"https://m.media-amazon.com/images/S/al-eu-726f4d26-7fdb/84702507-8ff1-449f-8f20-9e270cfebcb1._CR0,0,800,800_AC_SX278_SY200_CB1169409_QL70_.jpg",
b94f9ada7816f3d2a7eb6be90344700aa934f7348afeb3c30a679c935de1d199,,"https://m.media-amazon.com/images/S/al-eu-726f4d26-7fdb/e70c7d1a-185e-4054-9075-60dee4a1f126._CR0,0,1200,628_SX920_CB1169409_QL70_.jpg",
b3d5c65cce127fb1e56c0eddc8a3cef8d62ba7be3ffce78a36d99df22ace33aa,,https://media.shalion.com/visibility-screenshots/www.amazon.es/2025-05-17/403ef4ed-2d42-470d-90c9-0e8cf13c060f.png,
9cdfae72d01304ea314f4e3a4b1c59ee8890b2941644acad5540a8710dc8f366,,https://media.shalion.com/visibility-screenshots/www.amazon.es/2025-05-17/8d0b296d-bfcf-4619-9063-8ed954c306c1.png,
a96b938716949596e663ef0ad7a6fd931dabc97de66af214e32c8061467b8c7d,,https://media.shalion.com/visibility-screenshots/www.amazon.es/2025-05-17/21b5e95d-4896-4852-88a9-1013f4bf6ec8.png,
af419c5837d660c034e7b7b53ffddc6d2739c9c09c5fa38c7539757a65e1c59c,,https://media.shalion.com/visibility-screenshots/www.amazon.es/2025-05-17/fd3c42c8-6a02-484c-883e-8b452b75222a.png,
c54ce5d30f522228847016c76c3de57269de8f6c86452ae1bf793589de9115a4,,https://media.shalion.com/visibility-screenshots/www.amazon.es/2025-05-17/b981d610-2989-4886-b2c1-eba9a3d7974a.png,
ab02cbc3747dee4cacd56935aec447b12940dfb848791a55c186695e0c974950,,https://media.shalion.com/visibility-screenshots/www.amazon.es/2025-05-17/8b04447b-07c5-499a-8705-01a9d8da66a7.png,
a71a156efe90ededead05cfd001dd372286c90315e9362e807dd8caecff8ff8a,,https://media.shalion.com/visibility-screenshots/www.amazon.es/2025-05-17/7f8f8c08-bb1b-4d5b-b80e-e42b4c307fd2.png,
c1c1322e3628640a73372c1b04ed48d7a48067eb361304c382203ea341a603b3,,https://media.shalion.com/visibility-screenshots/www.amazon.es/2025-05-17/485ddc4a-194f-4e51-a46f-3dd6ebd0a0ac.png,
a12b2c8b82cee5c9d565cf868918297b9e20e82b23157fa23d235863a3866aca,,https://media.shalion.com/visibility-screenshots/www.amazon.es/2025-05-17/a8b33fa8-636b-4c2d-993a-3a10f9094eae.png,
b87510ea1da8b139cc9ec190e38f8841c494c298a5fa3e876406658c7bc4e11b,,https://media.shalion.com/visibility-screenshots/www.amazon.es/2025-05-17/3c37edcd-4a57-48d0-9e83-2800a1400515.png,
b67236ef5d95c5dc1166a6d52ed9f09c0e412342e5b26cae978caedee035b355,,https://media.shalion.com/visibility-screenshots/www.amazon.es/2025-05-17/c73bea43-8f44-47c9-80c4-9816e1c1dea9.png,
7afb444467be42d9c087e87ffbc0a88450ac959b1b765929ef6b70ba4efc4832,,https://media.shalion.com/visibility-screenshots/www.amazon.es/2025-05-17/b758689c-cee2-45a7-a030-158d7cc802aa.png,
c42a8442e520ff68d86b7332f9b9d99e3d9597fb2af3ad851ff5703a53d79dd7,,https://media.shalion.com/visibility-screenshots/www.amazon.es/2025-05-17/1c2c8700-6e83-4cb7-a5f0-3dca795fcfd5.png,
b7e273a6da22ffe7d8448ae05844db2d7b0d5e6b6f95276ff71c18882fb828c9,,https://media.shalion.com/visibility-screenshots/www.amazon.es/2025-05-17/99094467-5f64-4b97-95d2-a1cf3819ed0b.png,
bfb96584cd4a30a2b57fbcf824969fee2af99edad7d02698e1b7627ccaf97c2c,,https://media.shalion.com/visibility-screenshots/www.amazon.es/2025-05-17/93dee8f4-396c-4118-bfca-9fc6f40e29dc.png,
b1a82fb7f24972d13c4ce1717dffe4aedfdde02d996f71e366f9a0b4d2460299,,https://media.shalion.com/visibility-screenshots/www.amazon.es/2025-05-17/e0bc1027-15dc-4688-895f-8386e2a836aa.png,
845809885f533ac3ea8c51e7e6a68b766e82bfb3d2e59c80f7c0f1fa62e8520a,,"https://m.media-amazon.com/images/S/al-eu-726f4d26-7fdb/dfcc77ea-9508-444b-8bae-ae2f3830d701._CR0,0,400,400_AC_SX130_SY60_CB1169409_QL70_.jpg",
c69da3cdd35697131213ebae211b5f1053e5f08e0adede14251b76cf9d9f42e0,,https://media.shalion.com/visibility-screenshots/www.amazon.es/2025-05-17/248a7dec-65a0-4f0b-9c9f-9940c5508d2c.png,
9e0bc896b9e49402b7f0314f2a92dfb28962990ffbaa013da0ee74a95e5ebb66,,https://media.shalion.com/visibility-screenshots/www.amazon.es/2025-05-17/d0bc67a0-11f8-43a2-b361-e8937f4ec568.png,
8804e633454f28247384cb53dc817e585dc9efa059136e0eabd515bd390ad6d1,,https://media.shalion.com/visibility-screenshots/www.amazon.es/2025-05-17/18a877a8-3bc4-43e6-92a1-4da950e637c0.png,
9983bc1b7f8c6b9ff83c1920893e509408f3d3e73de56cf45a1fbd4986e54ad6,,https://media.shalion.com/visibility-screenshots/www.amazon.es/2025-05-17/0b4c55e3-8997-4e80-91d7-65e7c7292e7e.png,
fcb646b63c24bf935a585720003f280ade19c1b0156eeebbb4ad0bc6564b9fd7,,https://media.shalion.com/visibility-screenshots/www.amazon.es/2025-05-17/44215260-5a79-4bbd-9334-80b3842aa06a.png,
8ccce195adf675330268f5e7daed44103c77250979276d2007a483950b7595ce,,https://media.shalion.com/visibility-screenshots/www.amazon.es/2025-05-17/0487e426-7681-4a12-b743-d65c2985754c.png,
c6df70c130325fd45f8b99ea6e2cf5fe796c6b54ca86e72afa911c31ad82581d,,https://media.shalion.com/visibility-screenshots/www.amazon.es/2025-05-17/9a949321-730e-457c-9409-e92c29f6d7ec.png,
939df7cda535ee84f7d75e65d9816d48f57578e1b77ce5604d64f2d067ac6d40,,https://media.shalion.com/visibility-screenshots/www.amazon.es/2025-05-17/988274fb-01e4-491e-9e22-9012e39398af.png,
882b7d0c605c47194e351bf37fc403c5fe0f486bc6ac41ffcc9343ecf5d0a74e,,https://media.shalion.com/visibility-screenshots/www.amazon.es/2025-05-17/4a54002e-30b3-41c5-a53d-b6715a0bdf44.png,