IMAGE_ID,IMAGE_URL
ca03a81f0ae979a2415819f8068f7e4b3e140beb674cb86e9c4c6ce4bb6c4a36,https://media.shalion.com/visibility-screenshots/www.amazon.es/2025-05-17/d38cb333-cf1a-42f9-8362-6a1f6f7ee881.png
c6a7c1a782b8b61af30dd6fb65417efb814964d1745139e3da5a779d2440b535,https://media.shalion.com/visibility-screenshots/www.amazon.es/2025-05-17/7ce5ec92-0103-4e7d-9472-f9a649638c43.png
a5771330b374aeaad341badcf241204559d53952ccd7b20b8c1b0e57b1980cf2,https://media.shalion.com/visibility-screenshots/www.amazon.es/2025-05-17/dd106ea9-a3f7-4ed9-aba6-3f237393d9ef.png
7f741ad7cfed76d834274d28c7bd89a0b082ed8e050cb1f8d89d955fdb6c6edb,https://media.shalion.com/visibility-screenshots/www.amazon.es/2025-05-17/41296d67-9586-4266-9f23-e0ca096f7894.png
c32710c86b6812f60aca3ee918bfdf57a2a366121f1f3d60e181fb2bec33ee8b,https://media.shalion.com/visibility-screenshots/www.amazon.es/2025-05-17/376b0ec3-34c0-4c61-903b-bb2b6c461b5a.png
89730329651ed0ad2f348ac061f47d84d94aa744f2d87c5932216de00189b469,https://media.shalion.com/visibility-screenshots/www.amazon.es/2025-05-17/e3637d91-2b89-40e1-8f5f-60e4af54df09.png
b1d3e6b8a51842748974797c9d6bf42c968bc8e018fc8315e267afe5bcd4cf2c,https://media.shalion.com/visibility-screenshots/www.amazon.es/2025-05-17/aed20f63-c43c-4628-8dd3-1efe5cd4cc11.png
97bd7d99925a9f299255a81ee80bcf7032a8bdc84d61679c767ab707ec09b865,https://media.shalion.com/visibility-screenshots/www.amazon.es/2025-05-17/a49b266c-6234-43e3-aaeb-0fe578082e3c.png
c4836768d1f9f57a4a979f0bf4314dbd75da71c4098aebe6bf80600a570d10af,https://media.shalion.com/visibility-screenshots/www.amazon.es/2025-05-17/2bd54853-5e16-419b-8e34-da49431bb2a1.png
801116ea0e04a48a2a07ea290828f1456540d3c8cb328859ee89ccb04df0170c,https://media.shalion.com/visibility-screenshots/www.amazon.es/2025-05-17/1a17e9b4-8d59-4d3d-940c-1281e5389c56.png
8c0cb8de3aa91b40511f67b6c139d56bd59edd1c9c8e659f958409dccc045f4f,https://media.shalion.com/visibility-screenshots/www.amazon.es/2025-05-17/3e4613b6-03d9-4db1-9f97-22d9419fe9d0.png
ae2b3e6ae561b86f9706aac5efdf177e6f52e49bc13caa21be6126f1df102f78,https://m.media-amazon.com/images/S/al-eu-726f4d26-7fdb/dcb0ab6d-6691-4f9c-8d02-4d098fc9fd18.mp4/r/THUMBNAIL_360P_FRAME_3_CAPTURE_2.JPG
b4d5f087feeb3510927c3c03e4157eeec8bba738d8d74bd9ac6d2dbca79abf97,https://media.shalion.com/visibility-screenshots/www.amazon.es/2025-05-17/2068151f-baa1-4d6b-9bbe-877a04f0849d.png
826341b0a78e19416b4f357932ff56715780e4e7df7a128afba401a5c1fcf5f5,https://media.shalion.com/visibility-screenshots/www.amazon.es/2025-05-17/618d1a2d-10ce-48ac-b971-6b0e045be42f.png
c63f2e93e4606088621f80ab5edd0bfc3792e7b101d45bad5271eb7598d488a0,https://media.shalion.com/visibility-screenshots/www.amazon.es/2025-05-17/46d88d44-12bd-4a26-8b0e-fb089c468583.png
aa394db5c03422caf39b358f7cce289f0304d87cdd4d4598a65a8cd11a6c7c78,https://media.shalion.com/visibility-screenshots/www.amazon.es/2025-05-17/f66296ad-a711-4e90-9ed2-8b1921d9f5b4.png
ab6a52006cbc8ad044a234e98f473a641939bd27e81b4debd9730b6355ad0fa7,https://media.shalion.com/visibility-screenshots/www.amazon.es/2025-05-17/ae018430-0475-4d35-bea5-445c3342ca83.png
b1505f910b23c412914a43966040fbe74ed5079ad1e65cfb78508883e48c17ed,https://media.shalion.com/visibility-screenshots/www.amazon.es/2025-05-17/c7729bf0-7b16-4419-a04f-530c8f47564e.png
a72b40fe05ca0472067e87ffce7a27aed396c4662934a5faf0965877428bf989,https://media.shalion.com/visibility-screenshots/www.amazon.es/2025-05-17/986fafd9-2f38-487f-9e25-91e39aa7a90c.png
8ddc7a553d0212319ff072d2502c7608eb96ce9b50b52909efef30762e13e383,https://media.shalion.com/visibility-screenshots/www.amazon.es/2025-05-17/e4023b28-54c0-4803-a9f8-c9e5b3d2efc1.png
add1bbd94ba7bbd278e38bbbd8e1eb1ad37122d2f03aa1702284597c6d22c9fd,https://media.shalion.com/visibility-screenshots/www.amazon.es/2025-05-17/2386cc14-e11a-485e-b2a3-3f3a42ed9140.png
aa8fa6816cbdc49e8d68fdad2d7500772bcc7294d046a791f9e89ed1ad472ac0,https://media.shalion.com/visibility-screenshots/www.amazon.es/2025-05-17/f3497699-ba84-4a0a-85df-f27b7a491db6.png
a3504cc0e465f9166c25df5e73aa0082019c707e9e405578feb19317a1921eb1,https://media.shalion.com/visibility-screenshots/www.amazon.es/2025-05-17/576f50e8-6c10-49cc-93a4-fa710ea6fd7c.png
bbe31eea4079bcd778e86a8e6cf1ef058dd9d3245f3d1de42e71d076c2f466ed,https://media.shalion.com/visibility-screenshots/www.amazon.es/2025-05-17/a451e212-5954-47e8-99e2-89fc83ee9093.png
a44bfc5b88fb3fa5080cda9dd9d2531151b9777714a761955eee7b3a8ec96096,https://media.shalion.com/visibility-screenshots/www.amazon.es/2025-05-17/0a34a58d-2eb2-45b5-8c6a-8dd1ce450d5e.png
c6f01acf84ecde5644a0f5d8ddc91548db99747286a4d57f40caf8128e0af255,https://media.shalion.com/visibility-screenshots/www.amazon.es/2025-05-17/0478bdc7-659e-4fd4-949b-93ba16dc2ebf.png
b36b2aae2bd2576018258c6664296d193929b240c26815a40fa942b9faab441c,https://media.shalion.com/visibility-screenshots/www.amazon.es/2025-05-17/4940fd1e-a921-4d47-8cc6-b90afc4d929b.png
a37598132a44e56d6f7e3fb88e18dd54b5ffee71dfbb675e5d5839405986cebf,https://m.media-amazon.com/images/S/al-eu-726f4d26-7fdb/cea317db-2970-4bb5-8318-d380698e0aa4.mp4/r/THUMBNAIL_360P_FRAME_3_CAPTURE_2.JPG
bdc46ca1576d914983992590476f8926aa4915e5b35c43ad8487487dbd663b0b,https://media.shalion.com/visibility-screenshots/www.amazon.es/2025-05-17/9f213804-afec-46eb-a706-f558cf89b357.png
939fd19e10c1872fe1012c36f1d7c1fde3939967257f2a9abd6def48109e9743,https://media.shalion.com/visibility-screenshots/www.amazon.es/2025-05-17/47724b2e-fe88-44d8-8ab7-b1ffd81c4d4e.png
9656267a54f2620cf1e112d04213f6efc6f3c8ccbba24188cdb65909a071287b,https://media.shalion.com/visibility-screenshots/www.amazon.es/2025-05-17/bd672fe7-7b7e-4c27-8ceb-40a42f46c555.png
bfc707c2d1540b739e688a729b39976fc3b8be8c0e0747d8ed4ea69fb971d626,https://media.shalion.com/visibility-screenshots/www.amazon.es/2025-05-17/dcc95119-90a8-430c-bfb6-20b75a993e85.png
ffd1a01d19575fdce1246e6a8ccac6c2520ec00bd3da8d98bbbb123cc776497e,https://media.shalion.com/visibility-screenshots/www.amazon.es/2025-05-17/5814c296-17a9-4fec-a124-db7d4b216385.png
a8b69eaff15f064ef3b009bccc515d684af870845e96c7739f49da5c9c6b0b60,https://media.shalion.com/visibility-screenshots/www.amazon.es/2025-05-17/5bc51737-ffc3-47ff-9789-9d6666c0b2d2.png
7ac246be2ba718989f8b822b28c3d2899e0bece3dfb7c4585ed0068812c075df,https://media.shalion.com/visibility-screenshots/www.amazon.es/2025-05-17/772396ab-cad6-4144-acd9-e3360a8a4d11.png
b66ba587ff0e3b592b56965670e7231e2ea29212968d8b16d4cc211eebbbd8a4,https://media.shalion.com/visibility-screenshots/www.amazon.es/2025-05-17/8ec14b74-d059-49d7-bf72-2745b2193aaf.png
79e00ed7ccb6735a9899057cce47e67c65edb309300face2d2195474eead93c0,https://media.shalion.com/visibility-screenshots/www.amazon.es/2025-05-17/b90aa2e2-c5f8-4990-93c2-ea6a4c4291f0.png
aa84ee10024d19b6c502c9e105a4913dd86e0d6276a92be20d7b47b0a72607a6,https://media.shalion.com/visibility-screenshots/www.amazon.es/2025-05-17/d53accc2-d9c3-4ac9-b3c3-0faddedbd7bd.png
8fd1629ee780255259891e656621207175c4814f13298dfe80173fe34f7afd36,https://media.shalion.com/visibility-screenshots/www.amazon.es/2025-05-17/ca2b060b-5ed6-40cd-a4a7-a720d916e160.png
b9eb3e5e0598d4ff74207fb7de426b20924d6740941efe9a3e0920d96ed61e8d,https://media.shalion.com/visibility-screenshots/www.amazon.es/2025-05-17/ddb85bf0-fdab-4609-be41-feea991a57f0.png
8218677b5c3f85db5d7273b049ee03521de4c1c9fa61895100e03347d095ea7b,https://media.shalion.com/visibility-screenshots/www.amazon.es/2025-05-17/e9fba8f9-bcf4-49d1-a195-6dcb1643b751.png
fb5dd0c4eea22f26a44d3aaca75233a95c29485756b1efae82e76240b472374f,https://media.shalion.com/visibility-screenshots/www.amazon.es/2025-05-17/a8c95b70-6fca-4ee4-8ec0-cac096cf0464.png
caef6aec771ea922ed4a0da79b1f056f1fc18bf9be97326be2886e348e2f9e80,https://media.shalion.com/visibility-screenshots/www.amazon.es/2025-05-17/aee058ae-2095-4cc0-b160-69f31d708497.png
c576656ce4717b51acb9eb2d34424f9c08565985fd31bc6f9ab3404bd89635d7,https://media.shalion.com/visibility-screenshots/www.amazon.es/2025-05-17/95357280-06ee-4cf8-a254-145a057a2566.png
935dae04c2c1c898741a2247ce3e80bbc129e50757e5e001d205e1b19c9e41f2,https://media.shalion.com/visibility-screenshots/www.amazon.es/2025-05-17/b286e79f-69af-4b6a-b6aa-653cff8a7c93.png
9c7e794c83b164bce1ddc1848d7c6077bef94e145d8f11069ff470575e801ae5,https://media.shalion.com/visibility-screenshots/www.amazon.es/2025-05-17/3fff384c-94c8-4533-bf7a-74ff6a027467.png
a2702b8ef34d8b8849574ca7df4bccfe8a08eac21efcb6fbf8af86a5084ae9a0,https://media.shalion.com/visibility-screenshots/www.amazon.es/2025-05-17/737b2615-bcdb-4c64-9b4e-1d3297cb5ade.png
94450b1f954cd7631f2626013f20a1a7106d9cb92818c3f805ec8232a2fc23c9,https://media.shalion.com/visibility-screenshots/www.amazon.es/2025-05-17/4dac3558-7ac7-485a-b8bf-fb4499432033.png
b56a3266bb989ca05d05e599ac198e9e0435dc07affd559af5046f6690773e9d,https://media.shalion.com/visibility-screenshots/www.amazon.es/2025-05-17/c4bdaa43-e107-4b02-a09f-fd94b30561c0.png
af2f8be5e857d6080b0f79de9dea408716dfbae2321ee05d34ebc8819f8cd57d,https://media.shalion.com/visibility-screenshots/www.amazon.es/2025-05-17/660c15b7-8003-4dc5-89cd-87ad7df46ff2.png
8c692d24558f0bf7884214be37e4e8995d88f67d04e7ec3a5b9d4e09ff45f2ab,https://media.shalion.com/visibility-screenshots/www.amazon.es/2025-05-17/d211d7de-485b-47c0-9b4d-8c8ababe4ce3.png
840f7b79de076410c1f2f54e7c7595ef6814a04e64ec52341b0e3543af81754e,https://media.shalion.com/visibility-screenshots/www.amazon.es/2025-05-17/62ccd9d2-26ef-41fe-911e-236f42274ae9.png
c9c2a6e01fa3df2814c603d52eb0a9f95de4ba5e2470f01b913f9c8608332136,https://media.shalion.com/visibility-screenshots/www.amazon.es/2025-05-17/06987a6f-9761-4bf5-a8e3-107f4daf4aed.png
ca916a14ecb113e9b36d64072793e86d396763734a03963e887375d3d8fab06d,https://media.shalion.com/visibility-screenshots/www.amazon.es/2025-05-17/8d248ac9-7bc3-4cb0-96ec-82058ac823f5.png
a4f755efb7b70d366534df5c022e2036b936dc939b37b2700c993033e9a1e155,https://media.shalion.com/visibility-screenshots/www.amazon.es/2025-05-17/60f656ed-2d16-44d3-b95d-f0a5c858d259.png
b655dd4d4a6c9a6c5b4602557d1f1414e8a597f4beb0ecb269c0cc3eb13ea564,https://media.shalion.com/visibility-screenshots/www.amazon.es/2025-05-17/a9e8d37e-bf79-4385-9a80-809c0e53cae9.png
9908e60de411b54caf550d1d3dd9c30872239bb2dfcf7a029d7cfebc183b9f05,https://media.shalion.com/visibility-screenshots/www.amazon.es/2025-05-17/6a6a3bce-47f0-4981-8f3f-f1a6f1a00656.png
80e90729a777f77e41059809a0875160358a50ce813390736a1f2b7a190deff3,https://media.shalion.com/visibility-screenshots/www.amazon.es/2025-05-17/649d56ec-a2fb-425d-a118-fdfb6b624ec1.png
8d49812e3d4cb7b10633f8ac6910cd73597cc237ceaed5024cb055bb670867aa,https://media.shalion.com/visibility-screenshots/www.amazon.es/2025-05-17/7b179c1a-9f0f-4967-af61-2735cf6f40ce.png
c954b1c2422c2c73fdab8061bac66e8f4adafb66fd3b3a49098be1dccac2960d,https://media.shalion.com/visibility-screenshots/www.amazon.es/2025-05-17/23387533-ffbb-4c67-b037-88648c65f84e.png
9cb6c67b7c4c9e8d522405a584be770ef47afc8c65e0d6f2ba329991e6e7e824,https://media.shalion.com/visibility-screenshots/www.amazon.es/2025-05-17/9ee40952-e928-4a28-965e-1c7c5f113b8d.png
917cb69162de3446ab0af4e09a859624c1dd6a2c483f958fd10e0ce8e3a0e948,https://media.shalion.com/visibility-screenshots/www.amazon.es/2025-05-17/05f1f30b-c600-4649-bfb5-dc0760025ac3.png
7ae0cef548f1cffcece3dae71fcdf5dc4a52d085026eb353168e1cae2a67469e,https://media.shalion.com/visibility-screenshots/www.amazon.es/2025-05-17/22fd6038-7eaf-4cf9-8192-65d2146a17cd.png
824b5c769cd1785974553463569ba251d981ea834c62c6d2244004601e37c0e9,https://media.shalion.com/visibility-screenshots/www.amazon.es/2025-05-17/29411c18-4b2a-4bd2-8060-45e9bcc42952.png
9d74511736ac52de8c2d377293736a781c77d7f06f5946a46f2f63dd68f8782c,https://media.shalion.com/visibility-screenshots/www.amazon.es/2025-05-17/0d52f534-6d74-4336-82b2-1eba170c43af.png
c912d6bc28394a0b812d5351a693b6945db7841cfa1ffd5677135d650e00cd5e,https://media.shalion.com/visibility-screenshots/www.amazon.es/2025-05-17/0cef0943-a5d0-434f-80ea-ecdc34e30a3d.png
9c009308c09bb6447c67200a4a8d60f8ff466afd23f4a580ae3661436368df59,https://media.shalion.com/visibility-screenshots/www.amazon.es/2025-05-17/a1a78793-dfc2-4a4d-9116-a24cc44d41f5.png
b8c6ba5efea9db4943d94ac73ad306c15cb2697529b0d4d5ad6dce1940119e62,https://media.shalion.com/visibility-screenshots/www.amazon.es/2025-05-17/b792e53e-83a1-4ef8-9425-b037ec4b2b13.png
ec19945a55568ecbcccb1a950add44373b0111d32a7be8c0fe194d89c3bc9633,https://media.shalion.com/visibility-screenshots/www.amazon.es/2025-05-17/69b629a2-e025-4291-b54d-e2c19464ba63.png
afb4fc0e6af45d0b6c58eaa182527711c5a0403b350cdc653b361b779bc0d42b,https://media.shalion.com/visibility-screenshots/www.amazon.es/2025-05-17/f530431d-d404-4e10-a858-8fc43b4cca3e.png
fb75cea42b417b6ce62fe5aee576f8d1c82125d6e7fe5ec01eb7b7f48bfa0845,https://media.shalion.com/visibility-screenshots/www.amazon.es/2025-05-17/77266a05-b189-4e1a-84f5-da31cb9a652d.png
8f1508b9b69452c05aa1daf93bcb2f4779d0510ffcdd3ffb8dbf0f986691d942,https://media.shalion.com/visibility-screenshots/www.amazon.es/2025-05-17/bb99e414-020c-4e16-a607-33b50d65fd83.png
e422efed1609d58441b3ddb710038323f997ddd4249282b65a881c5e95ed50ae,https://media.shalion.com/visibility-screenshots/www.amazon.es/2025-05-17/faac7621-0bb5-49dd-b853-e8be2aeb3939.png
8bed037abebdc652bde8d270869c794bca4b8f71073734642f1a3fba7ebe3c8a,https://media.shalion.com/visibility-screenshots/www.amazon.es/2025-05-17/dc6a390f-6dee-40f9-a0a8-4303057ef007.png
82114f61f9f08d3e15504be3ca5b74baaf6556670aa347fd53959893719c49b2,https://media.shalion.com/visibility-screenshots/www.amazon.es/2025-05-17/9a77f276-afe5-4552-bbe8-7ec4b025027f.png
ca37c2633d01ed36c814938d82b8ba0345cc3451c1484d5dd3e6ff2d9b9480a6,https://media.shalion.com/visibility-screenshots/www.amazon.es/2025-05-17/cf9121ce-d6b4-4de6-a478-81f258505453.png
7d5c213fae3b63a1933608ef0a6a6de652e9acc0b6660a76f4ffe5ecfe5adbed,https://media.shalion.com/visibility-screenshots/www.amazon.es/2025-05-17/745d42d4-d25d-49c8-a981-00e5f04ee6ec.png
9bb8b10f6d68dbc5322aa29b52e2079fc11bd82c1eaa408c37ba517e39a1d4d4,https://media.shalion.com/visibility-screenshots/www.amazon.es/2025-05-17/e8c20e1b-8442-4f64-a435-72b6b217fc00.png
91e79cd076e56d4548ad8b5a089e055a604741b4d8bcfe58514ab8a3f05aec58,https://media.shalion.com/visibility-screenshots/www.amazon.es/2025-05-17/86142529-703d-4864-9d5c-08e8cd810bbd.png
a74b89c2d3782e7f6726ee7d2dab7d6115199406edaa98226f8e38c985ee1cc2,https://media.shalion.com/visibility-screenshots/www.amazon.es/2025-05-17/f0175b60-de4b-40c8-9be0-3d6d209d8431.png
9b4f04bbbab7443122bdfe3314d79e4034ad296e2c431769b9f95d59efbb6d89,"https://m.media-amazon.com/images/S/al-eu-726f4d26-7fdb/83f89c41-d0df-49ed-8e0b-a4593d5dd921._CR0,518,1200,629_SX920_CB1169409_QL70_.jpg"
aab037fb685fd16a031159fe02820897f345c534d7c89ba7be2a7d39805518eb,https://media.shalion.com/visibility-screenshots/www.amazon.es/2025-05-17/27ee6789-a0ab-49fc-83f2-a0e5fe793d3f.png
918e181490cb6b1452d5e8bbc4d25464321790bc8c024b7e1a731bcbdcb300bf,https://media.shalion.com/visibility-screenshots/www.amazon.es/2025-05-17/fb3bb11e-ae45-4419-b842-09a274d782a9.png
8e96e6437412dfa78282c05f3f17c85efeea48f537c5e1ee0236f869d689c116,https://media.shalion.com/visibility-screenshots/www.amazon.es/2025-05-17/8c930e31-1dbe-4412-b1e4-383f8f0a9221.png
8ca2cd2961001f193781990ef43a2b164b40f7e65c18796dcb6112b07c408e26,https://media.shalion.com/visibility-screenshots/www.amazon.es/2025-05-17/93ae4cd0-f634-4fd9-b31e-dfa946021daf.png
a37adc4b23b0072dbe716e802ad5457db00cd9844ea62e4b11a0b99cccad1ee9,https://media.shalion.com/visibility-screenshots/www.amazon.es/2025-05-17/dbff49fb-f41e-409f-810a-32fae27cfd21.png
a6b8b482d720f4ce8bea45a79dcb97c64c6c7cc5e19abc1ed372887d824b51d0,https://media.shalion.com/visibility-screenshots/www.amazon.es/2025-05-17/630dcef0-3ebd-4dc4-b32c-9558d01ed63e.png
a9ada02c275ee6cee35f86a355e411057a65808986a5c588e5a200cf8bb1acde,https://media.shalion.com/visibility-screenshots/www.amazon.es/2025-05-17/dc3fb4b7-88de-4d2d-b30f-d6d65656ca53.png
a72f5c69aabae9142f1f4510372184f71d6d27bc3dca18d02814fa213fb1a66f,https://media.shalion.com/visibility-screenshots/www.amazon.es/2025-05-17/08236aa2-4fca-4f1b-8f02-fd21b3571963.png
c47a2d10df1722b34937d2d88005db864fd54a6983cdbed67a9d5ef2ab859ed2,https://media.shalion.com/visibility-screenshots/www.amazon.es/2025-05-17/1687a801-d30c-4043-a287-4948cd3aaa09.png
894c1af8441a7adaca84f41d9bce533822be574bd7263a621fe13ae6be006b86,https://media.shalion.com/visibility-screenshots/www.amazon.es/2025-05-17/300bc190-a8a7-4b35-b10d-a3524392df91.png
fba9d35bbf3fb447701b8c6c0471bc95f7b3ea21e8af74bc49a8ed899ceab8bb,https://media.shalion.com/visibility-screenshots/www.amazon.es/2025-05-17/8f8ae6cf-fee7-4704-b1f7-137a456cddfd.png
9dd1e09eb51cbd3eec1cae5ddd23a8437eb445f81756ebe45896847a3461eeed,https://media.shalion.com/visibility-screenshots/www.amazon.es/2025-05-17/0aba83d7-0a70-4d86-82bc-4811c4dc3227.png
c91a9136ef958b0f195f656ab614fbaa885fd9c69e1dfe04d21bf840c10f42b2,https://media.shalion.com/visibility-screenshots/www.amazon.es/2025-05-17/5173a0e7-90fd-4e73-9a0b-d92400cf8e6c.png
a19c6beb7b5e522f71ef44a3f647bcfad943753c02a3ea8e69d8d6ec45d80816,https://media.shalion.com/visibility-screenshots/www.amazon.es/2025-05-17/d0d892b2-87f6-4c03-a3d9-521460c0fdd0.png
bb8498ffda0a90744e67ab113416b83df6158b6f15e698af1ed82542f0c0db2c,https://media.shalion.com/visibility-screenshots/www.amazon.es/2025-05-17/ef27bbde-d93b-46b5-96bd-4799a7bdb73c.png
be39c8390ba2f00b8f4874142b7ed9206f16c9e6bea3cd596f0a3582b9ad1fed,https://media.shalion.com/visibility-screenshots/www.amazon.es/2025-05-17/bfc81a0b-1394-4e5a-ae67-9cdb0ad3e694.png
98302b682e3a0278dc6d99008c7bcfd5f45af8b463ccf163382a368f97dfd8eb,https://media.shalion.com/visibility-screenshots/www.amazon.es/2025-05-17/7da021f9-277e-4c37-8671-9f0e0a209c9e.png
8b6afd635677e0bcb4a5f1e2136d892fefb92e5afb235c9ba15a1d10b7dd891a,https://media.shalion.com/visibility-screenshots/www.amazon.es/2025-05-17/f84be233-26f2-4ed7-834f-07c59b219564.png
84aa192a9eba959bdbce7e2bef2164ca8bedbc3e0eea1069d59d7d7fc54fc476,https://media.shalion.com/visibility-screenshots/www.amazon.es/2025-05-17/f413a552-0d66-4ef4-b244-0340115b9461.png
b4c1b2433b55e604ebf5a97f10b744a8e39b7dfe28522ddec336addaeb030d13,https://media.shalion.com/visibility-screenshots/www.amazon.es/2025-05-17/efdc7d09-9320-4528-a128-3bbbccff23cf.png
7f6467a242e5055bbb174ee96a794141bfe536ef60bc6682511e3f78b9732f95,https://media.shalion.com/visibility-screenshots/www.amazon.es/2025-05-17/c96b8496-6889-49f6-97a7-d699bf6f2d48.png
be1780f590cae3bf29a89254445d6f92c5d98433678f34c2ac7f67cda236f753,https://media.shalion.com/visibility-screenshots/www.amazon.es/2025-05-17/de7c3559-dfdd-49b4-8dac-aef07f3ae3d6.png
8b1438e4c3a013151921ceebffaa74ff502ee23d0a50eb4ce0e6b9a3f4be4e69,https://media.shalion.com/visibility-screenshots/www.amazon.es/2025-05-17/31248941-7085-4a03-b71e-3434050cdd77.png
8f0e146118cb5a396e62e70b895a35b57a466cf2d8bcc42b574ea4873ff5fbfa,https://media.shalion.com/visibility-screenshots/www.amazon.es/2025-05-17/9833c2b2-2f61-44bf-b016-25d4c2761a81.png
fb782270d2a4d24487e062e7b22f5551054715ab1cf481071ae4fa3ba765a30b,https://media.shalion.com/visibility-screenshots/www.amazon.es/2025-05-17/e0097b0c-f1b4-41b6-a2c5-76700f6cf88e.png
bdc5d3ab26f94a29f88a3be820ee3a995d62ada4d7906f4dd7ce48e8a8ed191c,https://media.shalion.com/visibility-screenshots/www.amazon.es/2025-05-17/ff3827bc-27c5-4a1e-941f-2dd54abcaab5.png
c337b4f31ef6bdf052ab707232f79c61975276759be833834e45707602170ddf,https://media.shalion.com/visibility-screenshots/www.amazon.es/2025-05-17/310bc829-1f15-4ba7-87e9-92dc3e9123e1.png
a43f47449f8302408bfb8e66329e8d43d1e2e0fb559fd300a9547976159e55a8,https://media.shalion.com/visibility-screenshots/www.amazon.es/2025-05-17/a602e39f-1d3d-4445-b482-f7438cfb25bb.png
cb5c116a56c021187518d6b4d8989b3e711704f311dabbab27f847508f484cac,https://media.shalion.com/visibility-screenshots/www.amazon.es/2025-05-17/7eb69b65-c960-4db5-a6e2-dbb72dc7afa3.png
7d23e3e9dbe3dc920b7b84f0cb7f99586efbaa66a8473f65fbd2d66c992591dd,https://media.shalion.com/visibility-screenshots/www.amazon.es/2025-05-17/99c60992-608a-409a-9c54-a1cb140a5b1d.png
c422df21d2db6438a70f02fa32587ef2bb81d844cf7340f1265a59a4261116cc,https://media.shalion.com/visibility-screenshots/www.amazon.es/2025-05-17/8b2563d2-c2b9-410a-8bc1-0458546b0a55.png
9fe3bcf1ee62971f070f96343a7b1b491ac0113c334ab66fb9f289d3f1413005,https://media.shalion.com/visibility-screenshots/www.amazon.es/2025-05-17/c4292143-aaf1-468e-9a97-2410fdd73702.png
a522f25dabc5c6d2a9db98c37b1b0a86b28b83cc2aef3b490ae84c8425f3f244,https://media.shalion.com/visibility-screenshots/www.amazon.es/2025-05-17/47173a88-2adc-4cbe-a524-af37ddb99b6d.png
b9bcc0a49d0c1d8d4fdfeefd3026c7ecc1f65d44140155fb6b23e57951c0081c,https://media.shalion.com/visibility-screenshots/www.amazon.es/2025-05-17/f3ea9f12-8a82-4373-9b4f-21d8dd145ec7.png
ca66c1b25ae582b2b2861fcdf0150ff25b1409fd77c84f966449abbc96354747,https://media.shalion.com/visibility-screenshots/www.amazon.es/2025-05-17/24ab0ec4-ed66-4e3b-a818-dfdf979aab80.png
e429a47a41d5535a4bba0c4ae14d827263fe65fa5d4e8214cc3665e39301e5af,https://media.shalion.com/visibility-screenshots/www.amazon.es/2025-05-17/e72a5889-ae21-4f75-a482-41cb06b44793.png
84922f69e4c4a834471d280103def30cc73f0d750e83c35b7a5b4ef11e38a15d,"https://m.media-amazon.com/images/I/61JBNqczI-L._AC_SR278,278_CB1169409_QL70_.jpg"
aec021269cb525a33e89512173e297c49e4ac8168e03b0ee554418e8dea78c3a,"https://m.media-amazon.com/images/S/al-eu-726f4d26-7fdb/e9dbc24e-2ed9-4042-b9e9-70ec6231bfdc._CR0,0,500,500_AC_SX278_SY200_CB1169409_QL70_.jpg"
7fba579f819ba7dfa0a5f9b1bd3af2a7c7a13caa900e5d476b367e25e39d0280,https://media.shalion.com/visibility-screenshots/www.amazon.es/2025-05-17/7ab19584-b745-4be6-8339-0874080021d6.png
949bda76373eb21d7f39781d0294beff8db8dda37188a6dcce5c444d936518a7,https://media.shalion.com/visibility-screenshots/www.amazon.es/2025-05-17/c4d6102f-fdbb-4772-ace5-508c6505c673.png
aedf1d5ce6d6b77f5e01c0591ef838acf76c774974f198f7b97d96c1a3b6fae5,https://media.shalion.com/visibility-screenshots/www.amazon.es/2025-05-17/2f8d73d7-a607-4f99-b6a6-3ddfcf4a1cc1.png
8dc74d29b930f5a00d93ab6c47825a20fad386b07d64c25df9d6aed72a8b9e0e,https://media.shalion.com/visibility-screenshots/www.amazon.es/2025-05-17/ec2acfad-ffc8-4102-8a9d-039ff31fa559.png
bc45b5e3f6f8ff223da5d1038aeaeae848006827a513855c22099cd0b6e8b91d,https://media.shalion.com/visibility-screenshots/www.amazon.es/2025-05-17/f4a1be98-0f01-4311-9cb9-145d33abbf27.png
caa0cacde1558b145f0b0d1332f3ce6f7cd0fa24ccb8ef254fd546f13a492828,https://media.shalion.com/visibility-screenshots/www.amazon.es/2025-05-17/10967a98-2d49-40d1-a713-ae933eadda4c.png
7aa71ebb3e3ac5cd46450afda603a584a72cedcf28e6d757a7118b26425de029,"https://m.media-amazon.com/images/I/51uv7y9KbfL._AC._SR240,240.jpg"
b180bbc291c74764fdacfca4817650878faa4295dabc7dfe083591f72c49d430,https://media.shalion.com/visibility-screenshots/www.amazon.es/2025-05-17/3b7c1493-44ea-4501-ab99-0bb37a0be801.png
ca59a97ce8bc4821eda80a2c1cb2489fa8fb0a851865ce8e911423642f43847a,"https://m.media-amazon.com/images/I/51LWTd+-I-L._AC_SR180,120_CB1169409_QL70_.jpg"
896a803b3d40106101643f9e10e756ef6ada9a145baa5d2ed46759de40d9082a,https://media.shalion.com/visibility-screenshots/www.amazon.es/2025-05-17/6fff6f1f-8271-4161-9635-4eef399ac1bc.png
ca9255557ce22255fbc00135eaa0b739686bde57cc4dfe36b58017ecaf6bf726,https://media.shalion.com/visibility-screenshots/www.amazon.es/2025-05-17/190f2dc7-c93d-473e-b161-62c053758d9a.png
bbb12c6bde3e7abc8582fb62e38634be696c32d00ab627428693205640c628a0,https://media.shalion.com/visibility-screenshots/www.amazon.es/2025-05-17/466f25c5-8c74-4823-92ad-a52864de8e18.png
fb97d65b895521b0f6f3b429234aade18c882fb2b377fd607351796adc6447bf,https://media.shalion.com/visibility-screenshots/www.amazon.es/2025-05-17/2e88e427-6a42-4162-847b-6be085a5b248.png
bdad23b16fc9802ba5273afedadaab8d404b0c4bad9e99f0f9a18a457b2f0e8a,https://media.shalion.com/visibility-screenshots/www.amazon.es/2025-05-17/91969be5-8771-4fd1-86a7-bbe6d0d4de0e.png
fb41db45102f2f38478c4af50fa59e6cf7f5e8c806569b6b2b2be2ad2def6b2c,"https://m.media-amazon.com/images/I/618ynGvj6CL._AC_SR278,278_CB1169409_QL70_.jpg"
b83c5a78a52c961760242d92e4d5eea11ed8d26b5bf6d6a3c71875183c70a2f9,https://media.shalion.com/visibility-screenshots/www.amazon.es/2025-05-17/cbdb10dc-82fc-401f-8395-80fff5ed7a34.png
b555ad20ea27e68009bb63d6ad24bdf1c9e0287a9522a09129494ad821b7c23b,https://media.shalion.com/visibility-screenshots/www.amazon.es/2025-05-17/2d555145-150c-44e6-a32e-7375fb7107a4.png
c1424a77a617dc951a8f0f4db0c0926c054dbf8bc2614597935aa447b49fbd79,https://media.shalion.com/visibility-screenshots/www.amazon.es/2025-05-17/02243a05-4e74-4381-bf9c-45f1049e20b5.png
c95092ad8f48d65d62aab90106fdb4765a8e9b1c4db0c534eb59280646945b40,https://media.shalion.com/visibility-screenshots/www.amazon.es/2025-05-17/6b033f9a-5f2f-47c1-aa76-54a1e4084d78.png
8d597bbe5e60ecc360b6d540046391a9560853b254343529b6138adcefd552dc,https://media.shalion.com/visibility-screenshots/www.amazon.es/2025-05-17/19dcf0f9-b259-4512-96a5-c963dba6eae1.png
9ad6c7b7557465fe35cebc26e4e52334a21db6587f85db7d8ac8931de9facc6b,https://media.shalion.com/visibility-screenshots/www.amazon.es/2025-05-17/fca5abc2-1514-4fe9-b35c-b56b6fbeb91d.png
c3bd93d9d1b0bdd8e91bab5a2eeeaa7c3dae96f5d9ca7589ab711dc3c92148c2,https://media.shalion.com/visibility-screenshots/www.amazon.es/2025-05-17/ca790bd2-283e-4363-9acb-5bafbd72aceb.png
fcbbde686be709b6b5bed686c20322cb110b4220fe47c26aee2a4f6d29d9a8e1,https://media.shalion.com/visibility-screenshots/www.amazon.es/2025-05-17/d0030c53-8879-4121-93ff-66f7ab444038.png
ab84f92260728f5265cde63f7c29094172188c023f892c144b9b5ea493d10744,https://media.shalion.com/visibility-screenshots/www.amazon.es/2025-05-17/660ac71e-e207-4d85-ad5b-690709716811.png
a36f5939ad6a930044f969bdac8d2f543d253b1b48ed68be594be479427cd897,https://media.shalion.com/visibility-screenshots/www.amazon.es/2025-05-17/8c3d93f6-5543-46a2-a396-502ad2f47ce5.png
861378b61597be59785b982bc0207a1049a35aa51da2fc8d99d046dc51f3e5d9,https://media.shalion.com/visibility-screenshots/www.amazon.es/2025-05-17/5eda29f8-1b6d-4fb2-90a1-8e1995d7026a.png
9b43c3c72bc72a2f650c4805c643a44c97b0c53964533cae20f232617ab287b0,https://media.shalion.com/visibility-screenshots/www.amazon.es/2025-05-17/dc07d06d-795a-4d54-9d4a-5b21db90e3b6.png
c82767b2aaf74b24d6e70bcdc6bc845e856e342e943d3dc7fb8347456db89286,https://media.shalion.com/visibility-screenshots/www.amazon.es/2025-05-17/6680c37d-42e5-4b24-b449-5dd158df3644.png
91cf2e000b83b5989719f336bf64bc415b6919e8e8da0e9e8e14edf6cdb29c54,https://media.shalion.com/visibility-screenshots/www.amazon.es/2025-05-17/ecc805c0-c967-4514-9880-63272b45fa9b.png
88b8a4b629297a5420b7ca93c048f4a69e3f555162375737fe1dd713eeb4767b,https://media.shalion.com/visibility-screenshots/www.amazon.es/2025-05-17/087bd1cc-613c-4234-b8d3-8a5680cce033.png
84e39649d4bb3284121fe508e49b276ca8303cec55c448dfd5f18383e3d1d68a,https://media.shalion.com/visibility-screenshots/www.amazon.es/2025-05-17/3dad9f2c-343e-47d9-88ef-b73eaa0124e4.png
a20605d9a7ff4980eaec063254d279a0ef03a231499d085009139ab31fe33054,https://media.shalion.com/visibility-screenshots/www.amazon.es/2025-05-17/d0f95ff0-69b0-4bc7-b937-066acfc063ed.png
7f7bc4155e6c15043ba1092d88f8b4903538b9f326ed309fad139d799bb661a2,https://media.shalion.com/visibility-screenshots/www.amazon.es/2025-05-17/f3fdba77-7855-4bcf-88dd-ef4f43a1d8e9.png
815aa8ae2ba3e015cd0f572e521f18bf847648e2456aa8470ecc25de2d11fe0e,https://media.shalion.com/visibility-screenshots/www.amazon.es/2025-05-17/8a316661-686a-4d17-8baa-cb457e329514.png
95a1dbf44cbb7b0a04167d5e29e69b7fe03305b350e0915a54427f80a39e2525,https://media.shalion.com/visibility-screenshots/www.amazon.es/2025-05-17/cdb90758-8665-49b4-bfc4-dea7cfc66745.png
9ef720c0c738e579a1cef4e434a05b2c59c2ff71020f7f54e6351642b9503152,https://media.shalion.com/visibility-screenshots/www.amazon.es/2025-05-17/8afe987e-0af7-4dc2-b13d-05f1f3c1ddd5.png
858fa2d4ba3878ab00fa2efb79e6ca3cf6dad77e19fe45f3d3c705275c44e68f,https://media.shalion.com/visibility-screenshots/www.amazon.es/2025-05-17/5a1df45b-acfe-4ee3-8213-5918c4ceed7d.png
a5bdc80037629e6e2b64f448ed8d1458c9a8fab8fcd13921f2ee402a16e354f3,https://media.shalion.com/visibility-screenshots/www.amazon.es/2025-05-17/73d9a6aa-865c-4d16-9f20-50bddd3a1b2d.png
83240f9fc90df2f56ea33aa769f8c710caffcf7e5214fc23fbed36cf88f3063b,https://media.shalion.com/visibility-screenshots/www.amazon.es/2025-05-17/7a9eef3f-9b3e-4f1b-8c8c-919f56fb8658.png
9ccffac896f9133d68873c48aef18e6cac0f6e04e99ae355c8da0adea77dd62f,https://media.shalion.com/visibility-screenshots/www.amazon.es/2025-05-17/1adc2f74-a474-4086-96c4-e40256b3db43.png
898021daa9065b929b585cc4319c8f5a076b3e29ce52831a832507e29f55b88b,https://media.shalion.com/visibility-screenshots/www.amazon.es/2025-05-17/2e4f9725-4091-4356-af3c-5d85576ea11f.png
c77b1abc621c5eafc56d87bc0082d90b8d45d6ad84396e7cfb7297d2f1c5555c,https://media.shalion.com/visibility-screenshots/www.amazon.es/2025-05-17/fab5b16d-3eb1-460a-8e3b-9598ab945bac.png
a776b3a164921947e076afd2cd64f49eb12a1af5ad794f08417d327e806f4df6,https://media.shalion.com/visibility-screenshots/www.amazon.es/2025-05-17/48b013bb-9e17-4653-be75-addb4cad55a5.png
abf241a55ae21615def7efa36f2b3101a820d545b3e5e6e7a5a77ad6bccde7fb,https://media.shalion.com/visibility-screenshots/www.amazon.es/2025-05-17/e9b7f472-edfc-4c64-8890-7f67c546759a.png
95f09790ab24459f4a5cb2d50fec03fcb9a5117ade5042b4d20e33ef15101442,https://media.shalion.com/visibility-screenshots/www.amazon.es/2025-05-17/aadc498f-b60e-4a40-9c8b-da05b8d648c1.png
aa4be650525ebc088190b502d16767faaba6e9b86203c851790dbf935013bbc2,https://media.shalion.com/visibility-screenshots/www.amazon.es/2025-05-17/aee518bb-5b70-4701-a44f-32e1a5ca25f3.png
7f7f51ec63ed4965ef54a2e0c633aa5cb619c9270bd635846ea95bb11317db20,https://media.shalion.com/visibility-screenshots/www.amazon.es/2025-05-17/18cd8bdf-0476-4bdc-9d56-b67b153272d9.png
b2286122cbfc31843ceef361545928196e622b84a0751feaa79eb2b46731ad42,https://media.shalion.com/visibility-screenshots/www.amazon.es/2025-05-17/9c23290c-b533-451b-8935-0a3807744d27.png
bb44abdb79efea1e841b26a63dda3c8318cee902e9fec7555befadf44a0722fd,https://media.shalion.com/visibility-screenshots/www.amazon.es/2025-05-17/f61283d4-6324-45c0-a3f7-f8adfafea436.png
8f94e0b9f135ce1a8b4a226fd6bdd7d2bf3bd4d846ecb3963a3b5dcaae04c5bf,https://media.shalion.com/visibility-screenshots/www.amazon.es/2025-05-17/4c747b6a-45a5-496b-ad74-731ad14c8692.png
8bca9d4f34c41edf44b9a9040efa011253d7127756f0e7a588d803f1d43e69f8,https://media.shalion.com/visibility-screenshots/www.amazon.es/2025-05-17/ad8e2437-c2a3-4eba-b21a-ad468858ce67.png
95e3cf3c2cf4183a9a82ae4f1fe9262fb1946b8cabc1b699306dce36f6ff717c,https://media.shalion.com/visibility-screenshots/www.amazon.es/2025-05-17/39bc17e2-c55c-45e6-a064-51ef9b21015a.png
b5f82aaf5c3c367210afa05f76cab0ed324524488ed866183541e74de857ab31,https://media.shalion.com/visibility-screenshots/www.amazon.es/2025-05-17/6bfaf64f-7f30-4802-8d90-3f0b7e3412a4.png
9a4e1ee1db0ef5bb652f9e32323cd4e381a2e70dadbd941ae1b602799385b1c7,https://media.shalion.com/visibility-screenshots/www.amazon.es/2025-05-17/05ace9af-029b-4b40-b1d6-041ccfa1f59e.png
c2f703c5b681fd0c118b24cc8e50c3e51cb724595fc214d8b35597b9a947825a,https://media.shalion.com/visibility-screenshots/www.amazon.es/2025-05-17/ff5c401e-9da0-44c9-9bdc-87be507a54bb.png
bbd765496c08257c8658fac1d3adbd68ef9817b95c4001b97be6dab1d28eb44c,https://media.shalion.com/visibility-screenshots/www.amazon.es/2025-05-17/a9f543f1-0f41-43c3-80c4-a98e01f47d75.png
83a9434880478844f06206ccab02876d792664c6f9d871f58120b2df5684b265,https://media.shalion.com/visibility-screenshots/www.amazon.es/2025-05-17/3a367bb2-39a0-4aee-ac37-0d2cf7a23876.png
b7caf216905a679e32ccf76724d58c273f2e8d924a285f1a75c5be1a651e6a7d,https://media.shalion.com/visibility-screenshots/www.amazon.es/2025-05-17/c62c5518-ba7a-4241-8e4b-df1645473921.png
b9113d5442af60f66f12d841dfa5e77ab64a036db41d727dde118a9fd8bb39ce,https://media.shalion.com/visibility-screenshots/www.amazon.es/2025-05-17/174d7f64-0278-4449-a554-423dbd2c2c6b.png
83809f0a8ca23e58c51f877d36bf238fc5d4c9396f35829fa64bbdc364d12a93,https://media.shalion.com/visibility-screenshots/www.amazon.es/2025-05-17/64d058b4-0b0a-40c1-9612-8788903ea6cb.png
b79608c745dc7eced8baca2b34848556ae8bb5f30905436292c392c9a24e0b14,https://media.shalion.com/visibility-screenshots/www.amazon.es/2025-05-17/88bf69c6-6f90-4da8-a0fc-eccb3aa1075e.png
ad7b9b8fa315e307fe3ea116022d8e41dfe100a861d7e895bb9e2ed4cba99eba,https://media.shalion.com/visibility-screenshots/www.amazon.es/2025-05-17/3ebd909a-826b-4856-b491-29d0442cea75.png
91a979c20d7f1b305d26607daf3fe42d334235e263181dac2429da426ed4fccc,https://media.shalion.com/visibility-screenshots/www.amazon.es/2025-05-17/e07c6b07-5435-4122-9fd6-646f2e182e82.png
8c314874513a071dfd38213d35c880ad8916b7a3e5ed2a94e5e95ce0b43908ef,https://media.shalion.com/visibility-screenshots/www.amazon.es/2025-05-17/832d7867-65c6-4c86-9651-02ec69a53ebd.png
7ca7e86e93022504e63ae9fa0851590a36f72091f498942c144099a4763dbe18,https://media.shalion.com/visibility-screenshots/www.amazon.es/2025-05-17/abd8776a-2269-4c52-a14a-570f9f1f0684.png
ba75473cb4e31614155014d8520f89ebe8633e2a6f09d89c10ab75e014d57998,https://media.shalion.com/visibility-screenshots/www.amazon.es/2025-05-17/9d8d80ea-6dd6-427a-95b4-b2f6343bf9a3.png
a4832ff6255302936496c37314c05fc121181e45a2d8f66cb3dc346b342c0263,https://media.shalion.com/visibility-screenshots/www.amazon.es/2025-05-17/94972e83-b0de-4557-92be-67e07943dc3e.png
96deef2145a8180f433064606d7d3b876e098e60b047797c39c8a85961ca6d1e,https://media.shalion.com/visibility-screenshots/www.amazon.es/2025-05-17/ce9f0275-44f2-47b1-b2a0-d385a5cc15bf.png
80f48302ee8fd64a8ef0515be41f8aad1de42e1fcf1b08ef13ee14094ddba063,https://media.shalion.com/visibility-screenshots/www.amazon.es/2025-05-17/2b884448-1a5c-429c-9c8f-ea1614ce39bc.png
a2b4adac1a45e0a3b282b585837581573748eedee99c9979b4463457f8515819,https://media.shalion.com/visibility-screenshots/www.amazon.es/2025-05-17/84e749ca-f3b4-47d3-9399-bc615a174f5a.png
978b1c5948c7e77118aaed2535a4bb3a3f106581499cf07fd2a9b0fb404c043e,https://media.shalion.com/visibility-screenshots/www.amazon.es/2025-05-17/5d2e5b8e-5f0a-47ed-a9d3-6bf4b539c92f.png
91054bc2597aaea04f51bc5a70506aff78be0048ee72e203e915da0038587401,https://media.shalion.com/visibility-screenshots/www.amazon.es/2025-05-17/9726f4a7-59df-4f9c-88da-cd5092cdbaae.png
8bb567bb9a35509cbad4fed064257c0e6651be44816383b18cb9752b331ca804,https://media.shalion.com/visibility-screenshots/www.amazon.es/2025-05-17/41dd8412-d58d-4e97-9fd6-d380198088c6.png
b5223f77f5f9c78a147d25c7ac0b687800f7481409c96d718757dc1d130155ec,https://media.shalion.com/visibility-screenshots/www.amazon.es/2025-05-17/069b87a7-433e-4bea-9827-01dd23014375.png
a099771faa4095339471d31d8a3c44121d729ce34ebc4cf672b34c11b005a9e1,https://media.shalion.com/visibility-screenshots/www.amazon.es/2025-05-17/ae30d774-4500-4aaa-9b8b-c8974285cb0a.png
83ff7597cf1d0db9f7f3a478cd4263296be14e7bf0ae507ad6b56e0ba1195056,https://media.shalion.com/visibility-screenshots/www.amazon.es/2025-05-17/a717d6c1-9d21-41d1-9b25-e5953d2a0c66.png
c3b3eca11b225746398cc357ef77fee7e34af08fcec59b90007d95dbaf57b9de,https://media.shalion.com/visibility-screenshots/www.amazon.es/2025-05-17/4d3b2112-4f6f-4656-a28b-d65ee860345d.png
bcb8537fd3844e42d0f8b91eaa7cfb3c95d76452a925e9f7c1380663ce54a477,https://media.shalion.com/visibility-screenshots/www.amazon.es/2025-05-17/8a74a4ef-d9d6-48ed-b685-8d4daf9f24b6.png
b0a4dae1ab10cd69be34676855f1bc3645e38d024eac0fc8458b0c48ffc598d8,https://media.shalion.com/visibility-screenshots/www.amazon.es/2025-05-17/b994abf3-3bc7-4777-831c-9fe189e981b0.png
b24efe6ccba14fd8236e66081eb08af5eab07f2e9af167a963e071f58148392b,https://media.shalion.com/visibility-screenshots/www.amazon.es/2025-05-17/1f98a424-bffe-40b0-b977-8a85aa330a3d.png
9c351669611305c77d30a93e7151b49a25ddbc0aa7576d9e16b811d1904d5b3c,https://media.shalion.com/visibility-screenshots/www.amazon.es/2025-05-17/684250eb-880a-477d-b356-c906844821ca.png
8f5c7dafddb83911e0529910e22949f6ff1ea99a0fcb0a34f3ce7f3e69a35f44,https://media.shalion.com/visibility-screenshots/www.amazon.es/2025-05-17/8eb41005-28a8-4ecf-994b-8d7d71f63c31.png
bf4afe80d11d116aa18457849d44d3cbe808fa8961ecb4e8ab1668adb5c82956,https://media.shalion.com/visibility-screenshots/www.amazon.es/2025-05-17/8f1ba3dd-c5c0-4da1-a350-f11bd4a9408e.png
7b4344300f34f0ed451e80e990c48b756b22759f83b1754cab9f87a86763a548,https://media.shalion.com/visibility-screenshots/www.amazon.es/2025-05-17/351bf52d-de9f-4ef2-b6f1-8ec6b2f8d9f3.png
b8a258dea130e057a1d96eefe2c34642c9816bd5c697b8fb95a15272b1005923,https://media.shalion.com/visibility-screenshots/www.amazon.es/2025-05-17/0b27e6de-3a25-40c8-a01e-ae6565cf695e.png
7ed8164097432c554f6f6e14fb6ddcf85ccbd24e4fd3810281c89f447028d372,https://media.shalion.com/visibility-screenshots/www.amazon.es/2025-05-17/703205bd-2282-4c9b-8f38-3e8f7004d3ae.png
89e417cc96a299755d73c276dcf145a892a0f09be589f0a35d1da8b6bc21e3fc,https://media.shalion.com/visibility-screenshots/www.amazon.es/2025-05-17/459890f4-ec8d-45a3-8561-a9e34bfe8fea.png
a3798b976fc2da47d55fc5994e05425c841551e4c7f0af11b802849c27488f78,https://media.shalion.com/visibility-screenshots/www.amazon.es/2025-05-17/67666467-09a9-459f-9339-f77e95d5b963.png
7a1b9d617de93505d81e323d3549060b9d9656594bcc92aea200b9c619323ace,https://media.shalion.com/visibility-screenshots/www.amazon.es/2025-05-17/ab4f78e7-0a41-4491-a2c8-e85ef5ac791d.png
8fd7ced04a9b84db2e67dba3425ee1f9eed596275dc06eb56d277f34b5451ac5,https://media.shalion.com/visibility-screenshots/www.amazon.es/2025-05-17/be8028b1-df40-483b-bd1d-4efeec22998d.png
803c4c80366e352dd4d7d2f89673bbf65a22cb8a9cd9f366084b39bdc89b3269,https://media.shalion.com/visibility-screenshots/www.amazon.es/2025-05-17/efc03777-eaed-4ae1-b2ed-c201b72e293e.png
7ecd8ba05b486dc76a8bed1261a806d15bb986347384a2b3860fb200e2e5924c,https://media.shalion.com/visibility-screenshots/www.amazon.es/2025-05-17/fea600e5-bede-4ed0-9b06-e42a2803f7ce.png
7d5d9c415c4d87a790f6fd64c557e09261f24c5664ec3bd27663581df4f40588,https://media.shalion.com/visibility-screenshots/www.amazon.es/2025-05-17/1fe1504d-5bec-41b9-b9ec-8bd5a7c70eff.png
8d8c43cade31e5058235bf051e55cbe399927520f1c7186a4b06be404b4520d3,https://media.shalion.com/visibility-screenshots/www.amazon.es/2025-05-17/5324dfe9-35d3-4d94-99fe-505083441184.png
81922aac674a4922ce35519e43dde41c736ab696297328c43a4dbdc2e6aca461,https://media.shalion.com/visibility-screenshots/www.amazon.es/2025-05-17/18fb36f8-c5f8-4385-9cca-6b1de6c874af.png
b7a889802cde1a75f4e9151083b6d394da2c928bc1724586be4582c351a95e19,https://media.shalion.com/visibility-screenshots/www.amazon.es/2025-05-17/11930a85-12fd-44ac-913c-855e85800d23.png
9a614a69a586477d08610ff02b4dde8547561a8c44c3fd20cb0b80952273360b,https://media.shalion.com/visibility-screenshots/www.amazon.es/2025-05-17/4c36ead1-ff25-41b1-b476-58e855ece4f7.png
ab84389fc4dd7b907653f84ef7374c8222d93fdfd4df4aaf5ceeb7481113a5cb,https://media.shalion.com/visibility-screenshots/www.amazon.es/2025-05-17/a52b3f1e-0783-4930-af1b-d30c781ca072.png
b0e6a6ca5531068b643113fb38adfc43fc8305bf975d664ba568fc144ef73645,https://media.shalion.com/visibility-screenshots/www.amazon.es/2025-05-17/828e4970-d223-4e8f-8868-d2637ec83bb1.png
b049234edf2cade4f388582fbe9826a5b6cac0643bff56a62af1d32b1ddf64f6,https://media.shalion.com/visibility-screenshots/www.amazon.es/2025-05-17/6ab18fb6-80be-4476-a2e7-19779c70ee13.png
c76c88127a01a3eb1c61facf8eafa1c76340d819a117b6a7e66fb56e1e0e1d37,https://media.shalion.com/visibility-screenshots/www.amazon.es/2025-05-17/c7f75d0d-e1af-4795-af9b-da48b37fa2ec.png
9b161550b0704c5f2c48ef4ee47af846b8dc8b1bd90a42e066cc320dbfbe0dcf,https://media.shalion.com/visibility-screenshots/www.amazon.es/2025-05-17/4f7c11c2-f0f5-48ee-be04-1670c7fb4b33.png
9808320db626525ed5953637ec6f1f2f46ffbbaac90e3ce14b5f21a8693f6535,https://media.shalion.com/visibility-screenshots/www.amazon.es/2025-05-17/9ece0feb-a7cf-4e51-9ee8-a6051d9e83cb.png
a17d9baa68998df4d98bd3f218d97514fa2a977c8a0264e4099e3063c20ac686,https://media.shalion.com/visibility-screenshots/www.amazon.es/2025-05-17/11fa34a1-7eb8-41af-9be6-7114716aa4c5.png
7a5085aa732751f6d52cdaddd43aa06eb6b6c5e57761ec6c8bc48d30582e4443,https://media.shalion.com/visibility-screenshots/www.amazon.es/2025-05-17/eb604ea3-c1e0-4baf-a133-9efda264b517.png
c2bb238cbb24c693f079449d89c8abac24d6b92ea3bed56a8a94dd38a75c55b4,https://media.shalion.com/visibility-screenshots/www.amazon.es/2025-05-17/56a41593-9982-4e91-b208-d2df6cb140ee.png
b60424d2694d62be4e6089b215c649d83203ccf68a58107aea7dcdadbf6e43ad,https://media.shalion.com/visibility-screenshots/www.amazon.es/2025-05-17/26525d1a-3962-41d0-b199-e6e279bafa1f.png
c5a1bc6dc6e979b8e49494e78da205468a4621afdb210466fdfcf9d9115c8073,https://media.shalion.com/visibility-screenshots/www.amazon.es/2025-05-17/14298302-f0ae-447a-9561-f817d6c91c6a.png
b8b2e2aef7bbcf9e2137b478183cfdabb20a0f1b683828be67264b6a02a01b6b,"https://m.media-amazon.com/images/I/81kMI535esL._AC_SR278,278_CB1169409_QL70_.jpg"
bc6e6e13ca7610b1247bbee088a65053a06fc1a1c419e2732877597726120847,https://media.shalion.com/visibility-screenshots/www.amazon.es/2025-05-17/cb462255-43d3-422d-9dba-176e693717c4.png
823a6c13cffe10253932ca1d8e189c90e644b0a56d70443676e28ae729a07e68,https://media.shalion.com/visibility-screenshots/www.amazon.es/2025-05-17/4064e94e-0223-418a-a112-58140350167b.png
93f49437d52b51031ef7376c4218042882ec87637e3c1610eeda4c643b25cd5e,https://media.shalion.com/visibility-screenshots/www.amazon.es/2025-05-17/d8a13de4-9094-4802-9226-ac57c7bbc882.png
95beb43133ac6a91faf94d68cb0ff2d6b3130476de54a0f3de7443c3c5c5b7c8,https://media.shalion.com/visibility-screenshots/www.amazon.es/2025-05-17/232c6e26-a886-4a33-b47b-3910c5622654.png
9fcd3f5eeb7d6fbcecd44ae09789b51bfc6f11957be2adb25ba1dd0a2825135f,https://media.shalion.com/visibility-screenshots/www.amazon.es/2025-05-17/bb920335-050f-48d5-beef-11d60200810b.png
7f3c5af6c1ae3219c6e84dc7f67083d5c7baa9cfed58771f81e2dd73480f6666,https://media.shalion.com/visibility-screenshots/www.amazon.es/2025-05-17/737788a5-5191-4acc-af45-dc81a3a39911.png
aeec0cb97b119ea0a72571b86d858738239ec69ad5b46ea8765827350ca56b22,https://media.shalion.com/visibility-screenshots/www.amazon.es/2025-05-17/e5050896-043a-43ff-95ec-ddcefdaf15fe.png
995033e80cfff4556bad9a2fd5b41ee0aa902b39858ff94207f7cc6a41495f21,https://media.shalion.com/visibility-screenshots/www.amazon.es/2025-05-17/e8a58e02-7144-464a-8018-e2fc45048867.png
c695fb8cea3f69407455284d515c09990a8327e6d09fd3079b986eee5c56b50d,https://media.shalion.com/visibility-screenshots/www.amazon.es/2025-05-17/488c691f-a8da-4d1f-a210-fd9f47bec465.png
85ca747acd7169882bde32a54c9ffba3cac0d82d1c8c5917d2a33dc5f981ce48,https://media.shalion.com/visibility-screenshots/www.amazon.es/2025-05-17/e06d1e22-8618-432c-ba3e-0d7d8fcbf513.png
8433cc0cff5c7a479ba112526e2edd0cba8947204875e791f51fcac9b501e6e3,https://media.shalion.com/visibility-screenshots/www.amazon.es/2025-05-17/c9fc21d2-72a8-42bf-b067-110e3b942989.png
7cf9f30a99e7a35f8b2ee9e0c4845ecfd2f9ca5f89e1ef46a3239989d2e65ffa,https://media.shalion.com/visibility-screenshots/www.amazon.es/2025-05-17/7d9301e6-e992-4b0f-b2dc-27ab51b84e00.png
b92a4abb5332e140164c70b059584f7a488160aa6bbf5f358813ff21d9f03cb9,https://media.shalion.com/visibility-screenshots/www.amazon.es/2025-05-17/2bbfa6ed-6388-4541-a2db-9fd82b45bb43.png
bb04b504a60615cde99dbb49b200645adb543f460fabee9a377e67208b48c4a4,https://media.shalion.com/visibility-screenshots/www.amazon.es/2025-05-17/6c119c75-6354-4be5-951f-93658b0f7442.png
a53d4ee8361de3cdee88d1a51ec55e9c1c3f17740eb547da51277f12ad9f27f8,https://media.shalion.com/visibility-screenshots/www.amazon.es/2025-05-17/d1d73deb-fc72-49b0-be02-b86f1bf3588c.png
7ee1b730ab3dc6a3d49c9763e499a5107643a0d995a0c57c0b7219efde153d79,https://media.shalion.com/visibility-screenshots/www.amazon.es/2025-05-17/bf62daad-8729-44d4-8dde-a442af63ed4b.png
a6f098e430d128ca45adc2891ee820806bc4438e060d4beeed6be68576f49cf9,https://media.shalion.com/visibility-screenshots/www.amazon.es/2025-05-17/e2bdbd60-cc3a-43e4-975a-ab1cba49dc54.png
7ca69d69e2d9ac999504d559d639a1d6e42122365d46f984d944f462f1d0523e,https://media.shalion.com/visibility-screenshots/www.amazon.es/2025-05-17/faf2cf43-d9cb-4c28-b014-edfbb318d6e1.png
b5741c6b72293fd631e4d9c275a8075b29d0c4a2a7d2cf3c9f245480ee852024,https://media.shalion.com/visibility-screenshots/www.amazon.es/2025-05-17/7efea99d-045e-484d-bbc3-b7b914910435.png
8c53310d5a45a3f6c80c5f5b9975663ac4c37a03c9e760c366802b7c81887cd3,https://media.shalion.com/visibility-screenshots/www.amazon.es/2025-05-17/1b5ee05d-479e-42a3-8e83-03abadd8b1b0.png
9674e6177b4dd13bbbc163fe14f01c80324f06249140cc8bbfa1906cb2b7b992,https://media.shalion.com/visibility-screenshots/www.amazon.es/2025-05-17/d72ca2b6-7edd-4809-8a58-eef25683a31e.png
91ca9723c2e86f61b8d720ee886aa3bd9991f4c691cb3761e726d4279e9e9fa1,https://media.shalion.com/visibility-screenshots/www.amazon.es/2025-05-17/2f5cb19b-5570-472f-a62f-c8acff36d669.png
c6e14b03c0ab5ff82b4bee9b7564a2519eb78ed4e998ff01ed7e9c47168d733b,https://media.shalion.com/visibility-screenshots/www.amazon.es/2025-05-17/4ee77f15-19d0-49cf-9c72-ae9310b53d79.png
cab2525f4132320894d4853170306c6c6ba945c11289b009723e4d6bf799f0a2,https://media.shalion.com/visibility-screenshots/www.amazon.es/2025-05-17/e5b6b32b-489e-4c64-9142-fd0a7a4f218e.png
8b2f725aedc7ba259edec94ae28cbea3072e0fdc55fa553c29f36e000a938dc9,https://media.shalion.com/visibility-screenshots/www.amazon.es/2025-05-17/663a2f5f-c696-49c7-81e3-d5120b9cd4d0.png
99d4ec92d7a03208836c21551d3ea290f43be062722af86b45f39c4b0b2b20ad,https://media.shalion.com/visibility-screenshots/www.amazon.es/2025-05-17/98af0283-0412-4be8-bd8e-fe1fa73a0ca1.png
b200cceee38800046ef832f6bb326b480501673c236b1997ffcd2544e1404104,https://media.shalion.com/visibility-screenshots/www.amazon.es/2025-05-17/feac810c-8d6b-4ba0-8fef-cccaae41a5cc.png
a44990fabd16f6d09f1ffb47a375dff6e49e53353a1babcfc7fceacb40997982,https://media.shalion.com/visibility-screenshots/www.amazon.es/2025-05-17/4c5b86f5-97c1-4699-828d-1984bcbca6e2.png
a46f1e2bf1596855a7234d7943a677ac7aebb23f2baae0714d3faadc670250af,https://media.shalion.com/visibility-screenshots/www.amazon.es/2025-05-17/5f5cf99b-156b-47ac-a75b-6389fd2905a7.png
7bc9924a436bed251fc36a73f787f9a0d3830f30cd511cc056b27adc90e3ffca,https://media.shalion.com/visibility-screenshots/www.amazon.es/2025-05-17/f72583da-3d5e-46aa-961b-e7b95af1e560.png
b5983cd9d3e1c30e10d88cd8f2a6c8f7c937ca08696515f7fd5e0d22935b9d6b,https://media.shalion.com/visibility-screenshots/www.amazon.es/2025-05-17/56ec6228-a4dd-4b23-aa33-7a295d6a689d.png
bee873cb32d3b71f6ecb69562834b1f4b440111b93171471514ecc963b923fa1,https://media.shalion.com/visibility-screenshots/www.amazon.es/2025-05-17/0851bb57-809e-4317-a3dc-23c7173572b2.png
9eee5e2e59d41cbce69cbc62dd5ad7df84e567d2447c9a55f1ddb80c4eebcd6c,https://media.shalion.com/visibility-screenshots/www.amazon.es/2025-05-17/aef17fa3-0f3f-4af4-9e35-7fa00ce2c2f2.png
88d12e743454ace3c8adef3be2dacd1e6e9ea35603f09841adc64e055c2fe01b,https://media.shalion.com/visibility-screenshots/www.amazon.es/2025-05-17/4aca3f19-8bae-4254-8632-ee715ef9525d.png
95badc022ef0fbf35bc4918c8d3f4f41e18f316c0b193f0e8adfaef3999d458c,https://media.shalion.com/visibility-screenshots/www.amazon.es/2025-05-17/d425d649-0d03-4dbf-a452-f9b67d1c456a.png
addcc67a7794cd7633b5d04cff7b8496fd86235c10ea3a5212222bf302b1382c,https://media.shalion.com/visibility-screenshots/www.amazon.es/2025-05-17/babd212c-0419-4d04-9ad5-b3f697f627f3.png
a5f315370f8b1b936e0afae99438c8c76ee560de9fb74f4e3e95511af25cfada,https://media.shalion.com/visibility-screenshots/www.amazon.es/2025-05-17/240ea91c-cd26-46d8-bff8-ec7e56ae5cbc.png
a669866ebfca9f5c51c684becc9b540e8d24adc8ea1b34b411ff506d337836e8,https://media.shalion.com/visibility-screenshots/www.amazon.es/2025-05-17/fbb8eade-7f14-44ce-a3fa-64c67e71a1e4.png
8f51375d13cf8e7606e326e58ea3d6d8fdaac1e9e6d3fea10a2f1af75c66cf7f,https://media.shalion.com/visibility-screenshots/www.amazon.es/2025-05-17/df8ff7da-fb3e-4601-8855-1c6985b0b56e.png
8e0983e755e41339f387dcbc084884c3c27c947f79a3c03a5aab4c8a4152cb09,https://media.shalion.com/visibility-screenshots/www.amazon.es/2025-05-17/36620969-eb5e-4869-92d1-c6d198a6f1d4.png
cb65233ce580492dedafdd7b51bcd00d33dc4da82ebe250c05a9b312c098852d,https://media.shalion.com/visibility-screenshots/www.amazon.es/2025-05-17/a8c54276-82bf-463c-9a6a-43234c5af749.png
7dc35e35ab56858ad94da2435e833a2831bf591e106f3af6bb4a0a5a8f057ace,https://media.shalion.com/visibility-screenshots/www.amazon.es/2025-05-17/c90f5015-cebc-4a47-b993-56256a303428.png
b627ef78f87b9101b27689bcbd1541b8f43ea3e975eca4240e4a31692907e846,https://media.shalion.com/visibility-screenshots/www.amazon.es/2025-05-17/cf47d01f-c6a5-443e-b0df-248e805051f1.png
b01458d8a5ceccbbc714512caa27b727abd3f2eaf472a9c094fef30cb448a9a7,https://media.shalion.com/visibility-screenshots/www.amazon.es/2025-05-17/8302d1ec-453f-4825-8ecd-f986a066cdf6.png
a58c5398cb12301bc99f79a2d8d877ec91b2d1ea9dbe38aeeb6f6e99b6fef9eb,https://media.shalion.com/visibility-screenshots/www.amazon.es/2025-05-17/7c2219c0-4781-4374-9723-5cf2a1d5e35a.png
c0a4b393ca9a1ee4dd4b79b54fed5d52f2768d23566b015a5592c171f86e6fbf,https://media.shalion.com/visibility-screenshots/www.amazon.es/2025-05-17/1a6e3de0-a14d-4662-b36d-a01423cbe015.png
c87ff17c5cec9713fce19a8c92c090b8729e358da46c34bee4db809ee17a6523,https://media.shalion.com/visibility-screenshots/www.amazon.es/2025-05-17/fa197024-5d9a-4cb5-904a-c1025cc8c2ca.png
95a9cd69196827eec802a5ad50dd783de4fde6cde2ebbe607da4d6784fbe2258,https://media.shalion.com/visibility-screenshots/www.amazon.es/2025-05-17/e77fea9f-9021-4cd4-8677-3069ed2728af.png
cb10e165510f2555b2207cc56204ba3f0f2a6feea79fac7e63df150afdf22bc9,https://media.shalion.com/visibility-screenshots/www.amazon.es/2025-05-17/af7d8633-a519-440f-afa7-318e9f827158.png
95088e12ddd41748ab038b2ebdf8cf83df28f79e597664d8eeb83b7a8c089395,https://media.shalion.com/visibility-screenshots/www.amazon.es/2025-05-17/26494b98-3814-4aea-9ff6-4b5606bb1417.png
9724f109a076a7177d6ba3231577cc33b57363b8d0b506ea7750e491b571dcb2,https://media.shalion.com/visibility-screenshots/www.amazon.es/2025-05-17/2cb59cb1-0e9c-4c6a-bb10-bfbeb07c5f21.png
8b3fc35ede4c7331afc9153b85ea65421fabe565acb316bd9e23de8b1fce483f,https://media.shalion.com/visibility-screenshots/www.amazon.es/2025-05-17/96e95a30-e7c8-41bf-881e-752953260133.png
8fcb4cbb6145177760c5c8bddb156184e7c944b5b66b153d3e808afef63fa5af,https://media.shalion.com/visibility-screenshots/www.amazon.es/2025-05-17/218a82b5-0545-4580-a17e-96c79688e823.png
ab7490fb0dd5428785f801cb557bc0bca307ff260b25957cd5887e50db890ae1,https://media.shalion.com/visibility-screenshots/www.amazon.es/2025-05-17/3e676a8d-efe9-4ba0-9bb4-b0696a2fff3c.png
939f1bc02f6415b3445d880af2c1ede9077222434d71b2102a823e14143d478a,https://media.shalion.com/visibility-screenshots/www.amazon.es/2025-05-17/de482a05-2c96-4019-9585-c0160afb6ed8.png
b9a53b1daac195db4c71d52104eedadbeddfbe033baff4bea1c05e5630b0c92b,https://media.shalion.com/visibility-screenshots/www.amazon.es/2025-05-17/26769957-0507-4119-ae4a-f6e89c620963.png
8b0658a370d69286c437f3653115eba84cff94afdd58aec51638d546299d5de6,https://media.shalion.com/visibility-screenshots/www.amazon.es/2025-05-17/0378f45e-25ce-4144-aad3-4509ddfdd319.png
affa3a2782caa53c6dd0e16272d0d0d5a24d063f093d5d6fcadf6ad2df09e13b,https://media.shalion.com/visibility-screenshots/www.amazon.es/2025-05-17/de937ed1-c5b4-467d-8151-cec2c8eb48fd.png
b2bd065099d76b2fc36273c20249dc8fbb8a4ec15c2c56c3dac0da6b3a808be1,https://media.shalion.com/visibility-screenshots/www.amazon.es/2025-05-17/c1e2360a-bea6-4259-bbf3-8eb1b21e8b15.png
8cc0673a8dd023e528158239c14fdc6a9cd2b832989f6da77bd76c208ff64186,https://media.shalion.com/visibility-screenshots/www.amazon.es/2025-05-17/1166aa2c-04a0-48d9-9130-25f4e8ae5255.png
a3444f327f9ae46b455830c343261640c0afc0cb03d79ae454bd8c54a2019bd0,https://media.shalion.com/visibility-screenshots/www.amazon.es/2025-05-17/d96ad610-547b-43f1-92c4-a41892da1b11.png
8212c489803e0032ddb08d492d4497c7257ff1f82d3f649577541cc99045b5f7,https://media.shalion.com/visibility-screenshots/www.amazon.es/2025-05-17/09d02ca9-4b92-487a-b648-8dc0cf39408f.png
b575661d2d2e95363add9cd97aaebf4872c129d4de14b1ca67c95d27a8ea7982,https://media.shalion.com/visibility-screenshots/www.amazon.es/2025-05-17/98cc75ff-04f3-4264-8b1a-0d6ae69524ca.png
9820eec60f86b5393ed37a0b58746a3239e3a31217432b228dc6169995fca93d,https://media.shalion.com/visibility-screenshots/www.amazon.es/2025-05-17/f30fcfe3-897a-4c5a-840a-e70038d14714.png
81341179e43ad38b572f0336f0672e712a146e03a41d5d42134fb9acaa6ad7fb,https://media.shalion.com/visibility-screenshots/www.amazon.es/2025-05-17/e05811e0-db4e-4b5a-bea2-0b4037fe9702.png
95eb3e4e40e354e5f709727081483b65cf68350375d669c25cea8f2cd9d8942a,https://media.shalion.com/visibility-screenshots/www.amazon.es/2025-05-17/2e6d3e91-057d-452b-9a6f-431451a231d5.png
8a5ab6eb84038ee90a81e363970a09d423557381e6932cacbd3111cd77c519fd,https://media.shalion.com/visibility-screenshots/www.amazon.es/2025-05-17/8ac654c7-a634-4bb8-9864-91c1d2f92b75.png
7e3658a9a6b8b407a203a00d2ba20c94f5271b3e9c390e4a4c3504db051ed7ea,https://media.shalion.com/visibility-screenshots/www.amazon.es/2025-05-17/cdca2e9a-5d17-40f8-92bf-d9a3f45387c8.png
a08e5b4bf09f6219794c822afee3385fab581a52b0c678094eae93d01f155b8c,https://media.shalion.com/visibility-screenshots/www.amazon.es/2025-05-17/8d348065-54b2-46a0-ab2e-63cc9adceffc.png
c8f816b0db7f8235afc4b78ecfcab9472060b4143a66ebd0ddc6776a15261d37,https://media.shalion.com/visibility-screenshots/www.amazon.es/2025-05-17/38a3d789-2b83-4f8e-8359-b24fc2cc8f54.png
92721be1db2c84f508791b68df9680d62ce030158372f7c45f488a6c3ea40c12,https://media.shalion.com/visibility-screenshots/www.amazon.es/2025-05-17/a2032de7-5325-4293-987c-6a0e5f50159b.png
c2820b715d65956961cba5ffd8925c329389f1aa4f3504fa74c856e451e0d579,https://media.shalion.com/visibility-screenshots/www.amazon.es/2025-05-17/f000de45-a3a5-4371-9f5a-ba5683e0a38b.png
c40cc56c05efe049ad2aa6525740ae7173ad41015efd5fb587dab48225f22a06,https://media.shalion.com/visibility-screenshots/www.amazon.es/2025-05-17/1ced4355-faf9-4c70-973d-63e29f63f24b.png
c661495e5714f1b4d413cf11936142541acf62d58c074bed0710733eb8bc1c0e,https://media.shalion.com/visibility-screenshots/www.amazon.es/2025-05-17/2046bd86-34b9-485a-8d0f-d99b4373f9ab.png
860eccdeb55b9387ec3af290e0f42a14063b56b2c3b2a1f298962ede63d192ce,https://media.shalion.com/visibility-screenshots/www.amazon.es/2025-05-17/9e23b712-6faa-4686-8f73-5172ca2903ae.png
b369c9bcb8f2bfbd1bb57d9f8f1813f8ad13adc31eaac5fa413b1b532603a016,https://media.shalion.com/visibility-screenshots/www.amazon.es/2025-05-17/1cadabb6-258b-47ff-9ae8-d5994b4d3a23.png
9e10443b3ff7ff8ffe11750e6ffe0fae6ee9cbbebf6fef8599db925a3193e597,"https://m.media-amazon.com/images/S/al-eu-726f4d26-7fdb/d0954f20-ab38-4e5b-aab8-77ce7c86398d._CR0,0,1200,628_SX920_CB1169409_QL70_.png"
87828817b063ed5cc99d1ca5fd0e88b00e3928a7cdc3f7c800fbb5c5c3138a9b,https://media.shalion.com/visibility-screenshots/www.amazon.es/2025-05-17/caf0b025-c5f2-4557-8f01-df23bf5d47c8.png
7a97e018b823321b6aa43cb954e48e09595c9d37059b832cc93c927945561cc8,https://media.shalion.com/visibility-screenshots/www.amazon.es/2025-05-17/f9c3a69f-67f2-4c8c-8e93-e4869f2d5675.png
a9b048e19e45ed6c4b8e3df6565bc51b38f1776bb6eed5267b4f99c2f8096378,https://media.shalion.com/visibility-screenshots/www.amazon.es/2025-05-17/912b5c40-f94b-45c4-be17-3afcd7d3f804.png
7d61c0ed6006a8ac658b368718ba020bd64530206cca3d2b36d8b271a5edb55b,https://media.shalion.com/visibility-screenshots/www.amazon.es/2025-05-17/c34dacc6-70f5-4f19-ac16-1bd47208d371.png
986b42fad6222613dc119b1934445ddc350fe8b0f30a8bd85805ec5f4abe0ff6,https://media.shalion.com/visibility-screenshots/www.amazon.es/2025-05-17/efa9153d-0122-4995-a969-8230decbd7ac.png
9d2993d4233b9d59ab9df03eba6af79fd41ef5e00d6779708f5ba080e26ac5e3,https://media.shalion.com/visibility-screenshots/www.amazon.es/2025-05-17/a9efd5cb-68ee-454f-8189-7051a8bb5e9f.png
79f8fdd6798e0fd65672bae1de68a799a9dedd687106c49dd97e91f7b3b739c3,https://media.shalion.com/visibility-screenshots/www.amazon.es/2025-05-17/ec30546e-ae30-4a9d-b900-757af23ece5d.png
81b0b0b9e1b30452cf133a3fac1d7c04772803fbe6db5981f983c49ede2a5706,https://media.shalion.com/visibility-screenshots/www.amazon.es/2025-05-17/c8beb24c-8ff2-4eed-8d04-00530ddeb87c.png
87fc7522bf911b2d27503dbc13d9ad54ff3777a45cbbd771b9546f0702b46ec6,https://media.shalion.com/visibility-screenshots/www.amazon.es/2025-05-17/6154bfbc-01d4-4cf6-853a-728394ba71db.png
aaceaaa2850bd6c0faca8da6a7da1c915b5456c911e0941b2f61052364d499bd,https://media.shalion.com/visibility-screenshots/www.amazon.es/2025-05-17/5e18d700-2a24-4b7b-887f-665a61720a29.png
b93d84846698b6cc4762d7f2d6a95fc20418a2037e0ffacef9f3c18cce3ec275,https://media.shalion.com/visibility-screenshots/www.amazon.es/2025-05-17/a6198a44-129d-4372-81a2-eda5fdb66696.png
b4b48e9f338a71d7725e4bac11b4d604e7007b4e0263615c6779e410f27b83f1,https://media.shalion.com/visibility-screenshots/www.amazon.es/2025-05-17/cfa018aa-84ae-49a1-8009-7bfc1ef193ac.png
a289e88dea587f9029fce07834aaa609b57c1653cd9572c0d848d7468c21d174,https://media.shalion.com/visibility-screenshots/www.amazon.es/2025-05-17/19f7738b-9df9-46f7-b254-58efb5dee5be.png
c74f4f5929e5f0cde2f2ec78b1be59d81103c9994ec3dd7542084410cc811013,https://media.shalion.com/visibility-screenshots/www.amazon.es/2025-05-17/e0598f47-2103-4752-942b-0e5c397db003.png
9ba6fb9c35e0d7c2708541e3c7aab49dabe8d59e2b3bbefd6bdb002716ebbfeb,https://media.shalion.com/visibility-screenshots/www.amazon.es/2025-05-17/804650fa-1f80-4d24-9308-0d5a046d9a1c.png
9661196e617507198844b49157ecc4242a11387a69aa7b733a9446701cb59d3a,https://media.shalion.com/visibility-screenshots/www.amazon.es/2025-05-17/b611da23-18f6-4d33-9e16-37de7ac0cf1a.png
7e83f06d8e24868ce18cd61d530cf33a003e397642b69c7769152cf8d95efa95,https://media.shalion.com/visibility-screenshots/www.amazon.es/2025-05-17/fb789bad-93a8-4aa5-a4f2-1af0a580dbad.png
9463f1d28a41fae28ee75f088d2b79013c9a70fb42a71887143ec0fcd4cbb78b,https://media.shalion.com/visibility-screenshots/www.amazon.es/2025-05-17/a3eb90a0-04fb-4344-89a9-fc862a5a514f.png
acb052cf6d34c11a796bf9583b86f126af1355dc8100c1d6888714f02aec1688,https://media.shalion.com/visibility-screenshots/www.amazon.es/2025-05-17/cd39ffd4-776e-48fe-8c90-64dfa8958ae3.png
8f582dc88f1b725ed522e495939fbada4474e6e7c349ed6b95bb4b681c9e87e9,https://media.shalion.com/visibility-screenshots/www.amazon.es/2025-05-17/ac489261-e108-4358-96ee-8b21b497801e.png
b6e37fd0dcd2043f90150f93deac5939109d30b7e4c2f583253cb134756d27c8,https://media.shalion.com/visibility-screenshots/www.amazon.es/2025-05-17/9b6dc713-7702-4e88-b56c-9d4f318033ab.png
b1f01857ebe453d1b79787dc3a8fa995e4c37e048caf428e5894b3aa35faa4d2,https://media.shalion.com/visibility-screenshots/www.amazon.es/2025-05-17/0ebf876a-310e-431a-9b7f-58e784899bf3.png
9461d7bf0e7843c1894240943e6145c0e8e57ed823cf9caa166f839a2080063f,https://media.shalion.com/visibility-screenshots/www.amazon.es/2025-05-17/4b822fa6-e91f-45cb-a3a6-76b71744fb1a.png
7a3c8453b6b055cbc25317725f91cb4f1e1a4c3379cf42bd2988bc11314c275e,https://media.shalion.com/visibility-screenshots/www.amazon.es/2025-05-17/d61b094b-e218-49ce-98c5-5fa4fb427fee.png
bc407e1dae0db581d64abb38457fb70073636210c391c72904baff5a1d082258,https://media.shalion.com/visibility-screenshots/www.amazon.es/2025-05-17/7a0de1ec-49f9-437d-b814-2df9ed6a492b.png
88fd23600a89bb9fea58974c7de0b1a47e41b57114d962f452c2dcfb958ae5f9,https://media.shalion.com/visibility-screenshots/www.amazon.es/2025-05-17/7d1315e0-512b-41f5-8639-0ee0e186fa62.png
8553fc77b25bdb6bd3fd8104a0fadbb6698b60334db65d5d10b465420190f6e8,https://media.shalion.com/visibility-screenshots/www.amazon.es/2025-05-17/89a41790-5619-49fc-9c1a-53951b4f7b77.png
aeba657b9a60381f55527937fedb2330a96b98e31571b9589af617c5c6cd7d63,https://media.shalion.com/visibility-screenshots/www.amazon.es/2025-05-17/d35a10cd-1e11-4d8c-bdd6-5d83426cce70.png
a1c4f4c5558f96647c5b96430fe60b38c6e951c45f6611a9a234430611f4e4ee,https://media.shalion.com/visibility-screenshots/www.amazon.es/2025-05-17/e3f6ce9a-1960-46a9-b771-99a035a3f277.png
cb3fce35da9d4f7e527fab9c8f361c9c3cdd9cba55ec94d2b497aefac6b22669,https://media.shalion.com/visibility-screenshots/www.amazon.es/2025-05-17/307a3187-b02c-40db-bd8b-e3c87806506e.png
88229a4bc1bc7035a8d39e4893464f0f9891066438d7880c69ac47493c558fbe,https://media.shalion.com/visibility-screenshots/www.amazon.es/2025-05-17/43745b0e-dbee-4e4b-9749-e23dd39e5ce7.png
99814abc8ff4e9ef2038b9f49d9ab0850ecdb0fb2bdec33cc5636535cf2d3594,https://media.shalion.com/visibility-screenshots/www.amazon.es/2025-05-17/e16f319e-358b-425f-a101-65555d24ba80.png
92c351e81774f7768e810eff55bd128db1da6fd8d9328fe12bcceeb22c5e0b9f,https://media.shalion.com/visibility-screenshots/www.amazon.es/2025-05-17/11ed0560-fb3a-4995-bf6d-44cf6a05cb54.png
89e8cfa9b8c6bef6b36273d1dbb9577821222cdb35ad226a1d06f467152eb661,https://media.shalion.com/visibility-screenshots/www.amazon.es/2025-05-17/ead27745-c68b-4ff0-b54b-ad837a5a70fa.png
b037c81f02c5f69df8bca24c1d3e7b213b30d8c9e910eea7b3f291772bf58c57,https://media.shalion.com/visibility-screenshots/www.amazon.es/2025-05-17/bfce91cb-be3a-43b9-b330-c5727abfe209.png
9a97e6101f3a62e0eb9cd695258d54a33733afb6d75d3c8dc3f194120c43be24,https://media.shalion.com/visibility-screenshots/www.amazon.es/2025-05-17/939be7e4-1f6d-4ed8-9c3c-c7bf269e9633.png
b4d4e3ec08dd4bd047fcd0611808e027c43eaf829b666b729638c03342cb20f9,https://media.shalion.com/visibility-screenshots/www.amazon.es/2025-05-17/b1375019-aced-41af-b99c-de4ee4eeb808.png
bdc6e50c32e3f12916634ff0e4abebd586eed7a0a2e48cf0d5fe916ab61532ef,https://media.shalion.com/visibility-screenshots/www.amazon.es/2025-05-17/00866187-4327-4a9b-8a87-61e20703dafe.png
9136a6115bfb6c9431b360f812e03f55b26ce9964de98d0e41a8b5251c73b58c,https://media.shalion.com/visibility-screenshots/www.amazon.es/2025-05-17/21bca929-b8b0-4c78-9b8b-1b43401a1433.png
ab284b1af0c3c1cf150ffef9676c1c46bf6dd90693d683c2ab08d6629dbd5953,https://media.shalion.com/visibility-screenshots/www.amazon.es/2025-05-17/4edada50-bd79-4506-856a-8894adff76cc.png
abc2bb6b854ffb699363d0aa47752990a35775b0f25acc40ebc448f835c8ee40,https://media.shalion.com/visibility-screenshots/www.amazon.es/2025-05-17/9eb8925f-0f0d-4456-bf21-46dd48fa2b3f.png
a18929b689deb4c96bf4e062c27f5e1b91b96b41058e5df65aa751e4d5ff0a5d,https://m.media-amazon.com/images/I/71e-DFNmX-L._AC_SY170_.jpg
ac5228cc4f368c138c48ba98e469189d15491e0cbc83ff1250fead9179784df8,https://media.shalion.com/visibility-screenshots/www.amazon.es/2025-05-17/1e23711c-c91d-4cd8-bb3a-19ad8580ce79.png
914965af8641c3f498a7bbafd0a028c04ee7af17315200be96b2d65d7385f19d,https://media.shalion.com/visibility-screenshots/www.amazon.es/2025-05-17/78d28c31-3bf9-45b4-b5fb-52e75688b4a2.png
a79b9f85c80bf27777f0ac97514621de2d59d92aba3931111fb8602a77efa208,https://media.shalion.com/visibility-screenshots/www.amazon.es/2025-05-17/87400510-0678-4b8f-a62c-1571b5322055.png
fbb683ddab62ca7e57b93b4ba6cb92c28c5e8e7c5b895333b46cb81a69a20ba8,https://media.shalion.com/visibility-screenshots/www.amazon.es/2025-05-17/16078aa0-ef9d-4ef4-abba-9da0726ec8cb.png
bdbc102e488e3cf6ec91bd85d814ab8740dcd863bf5ab2e3ebdfa47a2f5854b9,https://media.shalion.com/visibility-screenshots/www.amazon.es/2025-05-17/35e0f362-2d27-42cf-ae88-bb6f0eb297ed.png
bd0bd42b46fa52428dcc2af55afff073f00cd0970ac1867f8f164ce7c71f7715,https://media.shalion.com/visibility-screenshots/www.amazon.es/2025-05-17/56e2a114-a8a2-4cb6-8fae-45d47eb87cf3.png
a3cc7719df64dae65013b21ccf8478b64c63f8ccfe31b68c1b6ad540fc7137ca,https://media.shalion.com/visibility-screenshots/www.amazon.es/2025-05-17/45a3a807-c18f-4b70-ac32-e1095de0cce5.png
b667ab924bcaf949317c8b92537d095beec640e91a64837049b3ed2ab8a4f373,https://media.shalion.com/visibility-screenshots/www.amazon.es/2025-05-17/57838390-399d-4282-8b75-0c1f5e5ab17c.png
88a28d1ebe2e095177a9dd4aa13d4b221626cb3ceab67dd0ce7b0e9198618672,https://media.shalion.com/visibility-screenshots/www.amazon.es/2025-05-17/3aeab60f-a2b5-43d6-a811-7e212380a86c.png
b90faad7f2dc7006586624a3f7b3201b440f6446f36947b32e8644798be4e59e,https://media.shalion.com/visibility-screenshots/www.amazon.es/2025-05-17/60dc48b8-271c-4567-a645-c57d6254d415.png
914f005229394bcb9489b966a67e2d2e3cdecac0298b31386282049923fd21bb,https://media.shalion.com/visibility-screenshots/www.amazon.es/2025-05-17/d02a9ca1-5b54-477e-8ceb-31d6cfecf306.png
c6b17a1ff23affd598648ea745669e0c2beba35c96adeca35afabcfed3bf8a85,https://media.shalion.com/visibility-screenshots/www.amazon.es/2025-05-17/cb810c90-8971-4bc6-9dc5-82beaef6b4fb.png
afd1977843d69b4900b5321f00cf9df5c5056e677fbf245988e6eb05f5da3a2b,https://media.shalion.com/visibility-screenshots/www.amazon.es/2025-05-17/a08eac10-92d0-4248-b3e7-477910f14cd1.png
c9a43208779d2443ac626954530e6d07c38bfb4b69524421781947f67a5a510d,https://media.shalion.com/visibility-screenshots/www.amazon.es/2025-05-17/ab9780ad-ae8a-428d-b058-47b8c47f088f.png
afb7cd58f8b5b6af7fa1656b942477a476d5120dde03a446a75d8149cbb8fdf1,https://media.shalion.com/visibility-screenshots/www.amazon.es/2025-05-17/624a58c9-bea6-4f55-a61a-771b9cc6842e.png
b042a62530c717d7528dc5a522bbd07881319e0b42e5a46489a5e459ffd07550,https://media.shalion.com/visibility-screenshots/www.amazon.es/2025-05-17/54d5c7bc-c7a0-4d9b-96ea-600776a7858c.png
7e8568b2377a3627f0d88a97df52efe7fe0456727e74b6b921923309e87b81af,https://media.shalion.com/visibility-screenshots/www.amazon.es/2025-05-17/c6a9df02-5ba7-4e2d-9054-c4cd4ea739b1.png
901d6adebb30bd6c385c93a7a1ab21f483571c815971e7256cf6de28f2540398,https://media.shalion.com/visibility-screenshots/www.amazon.es/2025-05-17/01ff5a11-9290-477f-9619-73d4b581cfb2.png
86c8f8f2655568aa66eb62a8cd61ccc501b3e5bd87f884b778d04c08e6e20c2b,https://media.shalion.com/visibility-screenshots/www.amazon.es/2025-05-17/cbcb8200-49d4-4e31-8c48-cfc246af3558.png
7d4e3f920ff4777768e48b701431f3ec42f91a93e923246a237eabbc7956c457,https://media.shalion.com/visibility-screenshots/www.amazon.es/2025-05-17/546c71b3-9163-4314-8781-eb1ae1334977.png
b35127f33797d9d7db9e94e36595079a34a97cac970c448be99809d64d8d20ef,https://media.shalion.com/visibility-screenshots/www.amazon.es/2025-05-17/33d3486e-f8e0-4a3d-ae2e-36840dfbca9a.png
932c7adca2e43b3f05bc26820768071dd2aba6b7121b3b93b48e05e11d1758c2,https://media.shalion.com/visibility-screenshots/www.amazon.es/2025-05-17/8e446242-0c35-4602-b5f7-c3ca11db4a58.png
cb7d536aea098a495c375abb1f173ee3f6142baf608a886c4ef27d363296b121,https://media.shalion.com/visibility-screenshots/www.amazon.es/2025-05-17/d561e89b-078f-417f-b97e-1a84a90a4dbf.png
c141e874a7bea725c58f19c2802d61ee25f2732cdeec2c3a44ae22302006f0c5,https://media.shalion.com/visibility-screenshots/www.amazon.es/2025-05-17/46e577e1-f597-4dbe-90fd-1ec3aba2dfa4.png
c62d41d7637d6ff7f4aac1fdbff52645e12e13405f9f32406bfa6f4ff31b2930,https://media.shalion.com/visibility-screenshots/www.amazon.es/2025-05-17/af1bf010-f962-40bc-8283-02bd2f74c29b.png
a9d934e9e6ef2a95403156a0d9936730fb6223fe9b83ba0fb6dd0fd84d5e3322,https://media.shalion.com/visibility-screenshots/www.amazon.es/2025-05-17/b113b81a-6753-4573-9fb2-40e4bdfb5fe8.png
c18cdca78e94bb6d9f9e3faafedbf4c9f7d9c0716d15db3a9db7fa2454032e04,https://media.shalion.com/visibility-screenshots/www.amazon.es/2025-05-17/2f3d5af9-c02c-477f-ab40-a6d5da4eaf18.png
cb4dc3200c67eca4d493aa0159bce9f011c1967c152ed7b23770bda94093ce6f,https://media.shalion.com/visibility-screenshots/www.amazon.es/2025-05-17/8daadc23-f17c-424d-bd28-156e78c1a26b.png
ab4b6767bb3070316ca7f89b858693bea3d68ccb1e493db4eaf857c0ddd68c0f,https://media.shalion.com/visibility-screenshots/www.amazon.es/2025-05-17/c6fcd78e-7f69-474f-98f9-5c7d22f75700.png
ba5200829ae7baaaab832773bdf556b34a20b764c4787d0a060027d1bb730cad,https://media.shalion.com/visibility-screenshots/www.amazon.es/2025-05-17/69a1ec1e-7340-400c-8baf-b76b22d10489.png
84cef59b8c78e1dd9d6258ba36855c50801116ebdbe13cb96675fefc2c9543f2,https://media.shalion.com/visibility-screenshots/www.amazon.es/2025-05-17/512df486-bbb0-42af-8247-8a83f7c75d26.png
a419c5e732bc5be433c68ad28cb1b3b799953d20f075760708f4e4ccb6667cf2,https://media.shalion.com/visibility-screenshots/www.amazon.es/2025-05-17/b5f8036f-c0ae-4e05-8cf4-a7724173456a.png
8c2bcfcb86a6ea94f448fd2819ec0119177cef78c73d0d06f606fc63d9f705ac,https://media.shalion.com/visibility-screenshots/www.amazon.es/2025-05-17/2a69a1c5-d704-417c-bfc1-00cc8a95247e.png
a3463255ecabc3d75e7e406c25413c61f44da5bac667c58ebd6854d2d1379971,https://media.shalion.com/visibility-screenshots/www.amazon.es/2025-05-17/97b8896e-bee0-4c3a-8b08-da44e31b5f44.png
ac3e88c269fae22951fb0faf7b8bb73fde7005443759b25ae936efdfb2af5874,https://media.shalion.com/visibility-screenshots/www.amazon.es/2025-05-17/eaed0f96-c740-48f7-9747-0f68c30d4871.png
b23a5ae4d3f6f4d95eb4a1c5757ea57c4c37e9b9efde86c7671be0606682b7ed,https://media.shalion.com/visibility-screenshots/www.amazon.es/2025-05-17/723f9b83-575d-408f-855f-7223be5629ed.png
c6d5eea72fd225b463bd4666d72b1a69a9ceb23eaebd37b3a38d6a61f76cb88a,https://media.shalion.com/visibility-screenshots/www.amazon.es/2025-05-17/b80fd914-c90f-4945-b59e-a5b104dc21db.png
ff1fc1b022c3be580a76a53666be0598bd4432a8c18f7c8c0f99de7244bae118,https://media.shalion.com/visibility-screenshots/www.amazon.es/2025-05-17/35b5cea3-8bef-4da0-a17b-56c76aac12b6.png
a810ffb477a695325e02c390a7af4915d161e01c38cbbcecee4495b7034bb754,https://media.shalion.com/visibility-screenshots/www.amazon.es/2025-05-17/8cceba1d-5469-4d8c-b0b5-f67207d07507.png
950992fae61fadd1ae89355699436dbe3f89f779b8a6f259293d07550b04b46c,https://media.shalion.com/visibility-screenshots/www.amazon.es/2025-05-17/3939bf2e-d1cf-45e3-a28a-91409adea06f.png
be665b89a4a1c6920da3a54ce4ff9c66166f696508783e66433caf402a0d25ec,https://media.shalion.com/visibility-screenshots/www.amazon.es/2025-05-17/f509e0a0-63fc-47a3-8d02-6e1eeaea0b8c.png
aa3ceafcabd2d8b59b4543f6ad0ece02ab3907dc7d383277d622eac272e1436c,https://media.shalion.com/visibility-screenshots/www.amazon.es/2025-05-17/b59555db-1d39-4b02-98a2-4773e4cf754e.png
93b267c576f6c53222e0a6cbd0bae3e873abcb1b69cb6327517f2a79276f7ea5,https://media.shalion.com/visibility-screenshots/www.amazon.es/2025-05-17/b0d17f47-f9bc-4a05-bb4e-31bd2c4401a6.png
a5f8a1ed4ad438bef895e2940301d7185a73f77f1e465f79c0d7d668d21e13c9,https://media.shalion.com/visibility-screenshots/www.amazon.es/2025-05-17/ff0fdc26-1d0d-46bc-8a82-ab6faa26f4ef.png
c0ac919cb8525f0d57558805bf8d3c4b5fd3e4fc51079533c3fddbd2f18fc981,https://media.shalion.com/visibility-screenshots/www.amazon.es/2025-05-17/851f6e02-353f-41fd-ae52-d520e7b67a5c.png
ae93c211af486705f5d819a97c6770dae2a27a6ec79ab94e72e8ed71a033a63c,https://media.shalion.com/visibility-screenshots/www.amazon.es/2025-05-17/240c32c5-800e-4e52-8a4d-c5caf02ec7bf.png
a342e1e8c3b47da94313ec29b2e1952453768972c7ef9ee784788cf652602928,https://media.shalion.com/visibility-screenshots/www.amazon.es/2025-05-17/77410efd-bcd4-4452-8a34-7059a3607c31.png
8217ed3320c480cabd808fec5b412e0f84e6ccfffed95c33a055edc64d9227cb,https://media.shalion.com/visibility-screenshots/www.amazon.es/2025-05-17/063809db-72e3-40be-aae0-d9c8e439bf23.png
a9fec7627221b04ab464449d3b5f45060326e9bfb731460f81fc5b956854da24,https://media.shalion.com/visibility-screenshots/www.amazon.es/2025-05-17/ffe62d19-b6d7-493b-a788-937f2f78c8fe.png
66c44bed63e1b0f6c58efb9456aa2d5cb6fa7391ac7a5d6a6068753869f0ec2f,https://m.media-amazon.com/images/S/al-eu-726f4d26-7fdb/f74472b7-a80b-4b65-952e-12db52aa5448.mp4/productVideoOptimized.mp4
b7dd9572510b5e2cdb79c25cb0ed817e0b4e8b722a0097cc1f6ab5746ec53bb9,"https://m.media-amazon.com/images/I/51ncexyiLrL._AC_SR278,278_CB1169409_QL70_.jpg"
8d78aaa098c5815613020f4535a37444bcd8e0ef76e174d8d6298a4434766163,https://media.shalion.com/visibility-screenshots/www.amazon.es/2025-05-17/fd75e599-0cd7-43ca-9ba5-ed97ef2150e0.png
9d4dbeaa98896a15d7e1b4b485cbdd83e1a1cf3b9944e7ec6c4bde38bcd25afe,https://media.shalion.com/visibility-screenshots/www.amazon.es/2025-05-17/3e6baa0b-e170-4564-901b-4d68dd92e82b.png
c6e1a08c95d305da36a8f263ae2fe93781c43f3cae84287d480bc321ef385326,https://media.shalion.com/visibility-screenshots/www.amazon.es/2025-05-17/90533ade-957d-4b30-b829-dd9948c0ceb2.png
ff28d04bb70bd71fa7adae810f5e131ee825e30c3134a9a2580eeca3c053661c,https://media.shalion.com/visibility-screenshots/www.amazon.es/2025-05-17/3579d1b0-cde0-4ceb-af54-6aef59fcd6c1.png
8e6684665acda650847767c49f66d662d53097680f6a138ec9e1d2948d32f4bc,https://media.shalion.com/visibility-screenshots/www.amazon.es/2025-05-17/649845cd-f4e2-40fa-99c4-da64adbe4432.png
b30ee835f09426112a71ab077836572767d7c3a8b328eb5776e3314a75c1c2a7,https://media.shalion.com/visibility-screenshots/www.amazon.es/2025-05-17/48470921-d8c3-4106-b5c2-ab13c8b7d608.png
c6175601d8f9605220372397ed8b06744567b3c5c72b4e6dd62ebe6e68bbaac4,https://media.shalion.com/visibility-screenshots/www.amazon.es/2025-05-17/b1a1f079-c62e-4a66-9021-ed6ae3d2404f.png
bf021cc47573a3c8654ae22eedf7f75983e1fe007ad7e0557aba05a29de06f3f,https://media.shalion.com/visibility-screenshots/www.amazon.es/2025-05-17/d2ac70cf-e464-4a05-8a08-fb08c4e23529.png
99fb4b29b07da4939cd049a24c316b45372eab5b1c123e8ffe9e188e4aa716a7,https://media.shalion.com/visibility-screenshots/www.amazon.es/2025-05-17/7e762989-52aa-4fff-add7-b0f99ad324f6.png
c408767680da35a4dc3348daf7a51c47dd99912304486fde646f7309ee4e20dc,https://media.shalion.com/visibility-screenshots/www.amazon.es/2025-05-17/acfe16b5-885f-4936-9197-b3fa1303e2e2.png
96bae313cfe7fae852e30a21667ea458e1a2af4240ecd1e02f68ec02b93c7eba,https://media.shalion.com/visibility-screenshots/www.amazon.es/2025-05-17/cccba311-0a19-490e-be3c-2d52d39bee64.png
ba7002c3834846343e5b14d6f657c06f4ef2ebfb189e63c4d97aff3af991d090,https://media.shalion.com/visibility-screenshots/www.amazon.es/2025-05-17/e78ed41f-e85b-4d0a-a0ee-24e42c117efa.png
a239325371d1d67dbe086a66aa5663dea85166d42ab8bd3c08a295528160d44e,https://media.shalion.com/visibility-screenshots/www.amazon.es/2025-05-17/275b0c62-98e0-4ed8-a952-d0ebc3239193.png
7ac75d11e198292d8c9c8f7e454ed094a5ebd4f56de9b7d4c135bd0dba9b59bd,https://media.shalion.com/visibility-screenshots/www.amazon.es/2025-05-17/de593691-1341-4344-abe4-c25378de5c18.png
bb703b4e4fc2713ac3047c0a5a6e5cc0a8dd22edfd2a97f431f1381c6fd938a2,https://media.shalion.com/visibility-screenshots/www.amazon.es/2025-05-17/cee9c5f2-50b7-4460-80c6-01d9650a290f.png
8ecaf148c4af65d45d3312bc54c1b669344308fc34d922838459a9b2a8b65efc,https://media.shalion.com/visibility-screenshots/www.amazon.es/2025-05-17/180392b0-e367-424e-9e8a-2e324823907c.png
99f323eba308fb35a6b42241e3823aa45681b33d2c0dcca5474d103e98c14c6e,https://media.shalion.com/visibility-screenshots/www.amazon.es/2025-05-17/7354dc06-78b5-424c-8eb4-4a05fa7c59fc.png
8767e2f488a8b04413a98b3ed8a7fc47d67889e46679247b5caa44b1bbae99c9,https://media.shalion.com/visibility-screenshots/www.amazon.es/2025-05-17/35cd8788-3ffe-4c97-99b2-fd40236178ef.png
ec12303d8d33054b2d01ccd0833c527a3ee378bca6b734d911d051ba2269b85d,https://media.shalion.com/visibility-screenshots/www.amazon.es/2025-05-17/86b5bb83-d6c5-4b7c-aa5e-05703a91f7e2.png
8c7293a4a621d2bb5c5b4eea555baccd2cf4c2fbf500109f2955b050f2644d45,https://media.shalion.com/visibility-screenshots/www.amazon.es/2025-05-17/95561cd7-9f80-4840-8635-5cf4148de199.png
84854bcd5ed6a94b050843cb3acc2a0e7e9b7cdbe2298f312d106f84497e7c7b,https://media.shalion.com/visibility-screenshots/www.amazon.es/2025-05-17/a7ee96f5-ce36-47d8-b5b9-7d1109cf9d74.png
904f7cbc78a6078f7dbe331d7e0629e55cb55a7ad44f61e62fc95e3c7879a851,https://media.shalion.com/visibility-screenshots/www.amazon.es/2025-05-17/f96267a9-d3f4-4209-b12b-70736d5732f2.png
b69ecab0d7a1c50f5c02419ea21905324fc7edb3d9988911be514266265e543c,https://media.shalion.com/visibility-screenshots/www.amazon.es/2025-05-17/3bdd0d1f-f787-46e8-9386-f647b190a171.png
7b6edda8b3e1a2a418616adff9b89f2794e1e692aa976c5ba1e84abe6dfacb39,https://media.shalion.com/visibility-screenshots/www.amazon.es/2025-05-17/3bd4efb0-f548-4d0d-be0e-6caedd076a4e.png
bdd1721912b36b9d78032678627689d57ca0d4a1a88c4a42f7adbe2cd6a4d1e6,https://media.shalion.com/visibility-screenshots/www.amazon.es/2025-05-17/cc73e622-ef6e-4e6f-88be-bc94b0a1706e.png
977b0d9b9c630390572c15fbb96f7474497352e7d4c64e5fa4ed0f5755a17b5f,https://media.shalion.com/visibility-screenshots/www.amazon.es/2025-05-17/4b185e4b-1ed1-4768-9a72-ed3823dc5660.png
ab037ef2f0002f7548e06a1f96f7e7eb82a52d7876e8ae4c8f0b03d5ded0e703,https://media.shalion.com/visibility-screenshots/www.amazon.es/2025-05-17/bda21de3-1b0e-40f6-adba-05ddf104fc4a.png
b6271f74e1be6eae33fc5449fa9d554270d8039bd032749abbf1385951b85412,https://media.shalion.com/visibility-screenshots/www.amazon.es/2025-05-17/53583873-a16d-4dc7-8d45-41572d3d3e63.png
c3d04b3cc6c9df0ba370d9ae044c37b91f50349ebd1211b472e54bf6108621c7,https://media.shalion.com/visibility-screenshots/www.amazon.es/2025-05-17/41838c57-d237-4da4-a3c6-35b9968adc21.png
8f7248014a2c71b4bffab3ba1c32ef3f7892d867e23bfbfe07793dc76cf989a1,https://media.shalion.com/visibility-screenshots/www.amazon.es/2025-05-17/c7db4be3-daf0-4301-9f7f-f63bfdc1c309.png
b883736820b5bae0da0ea0c08a52fc4cf97fe50321f8d0d95bf5469ae4c86396,https://media.shalion.com/visibility-screenshots/www.amazon.es/2025-05-17/76ec8e4c-56fc-4611-bf44-8f9c651d377e.png
94e9606fc264419240ed36ae8aaefa840ee7588c45877dc8311ae3fd2da3b289,https://media.shalion.com/visibility-screenshots/www.amazon.es/2025-05-17/0d8dbf48-5865-43f3-975c-488ac37a5490.png
aabd2dbc9e10059a812def6b9a22a202185f91adbbecaed9abea229e7a08d4f7,https://media.shalion.com/visibility-screenshots/www.amazon.es/2025-05-17/292616a2-d658-49a0-ac07-068567e6aeb8.png
912e749cb063332dac12ad06fec5256c3b91378b0367b2e1fa313a2696f5d109,https://media.shalion.com/visibility-screenshots/www.amazon.es/2025-05-17/550c7e16-e8c5-4f48-8e59-d5f21e59f203.png
7d96d4156d87172a5445530f5fc578e921a78df5ee9324821905599b50bd49be,https://media.shalion.com/visibility-screenshots/www.amazon.es/2025-05-17/cabd88c9-027b-4b66-977a-a3478e92f2d1.png
a15109f076f23d0930981acfe7f0c35962a642977f48d3e6296f9b720c293ad0,https://media.shalion.com/visibility-screenshots/www.amazon.es/2025-05-17/65283119-e714-475a-b3c4-9b43927f40ee.png
a5f1bea07b5190ac7088e3c081b73ae4f4b1710315216fd5decf65352ef09b6c,https://media.shalion.com/visibility-screenshots/www.amazon.es/2025-05-17/6ca1dee5-3053-48de-89dc-d7b449f9ff67.png
a520d61918eaceacb66c77846a77d033155ce424e860f79c3ad6b30f21dd5738,https://media.shalion.com/visibility-screenshots/www.amazon.es/2025-05-17/cfef7c99-1223-4f9d-b0ec-450f8f2ee990.png
a04d4e33b2bf56a0027cffc07de6454f7d9f39965060cea19c8751482a9f8f89,https://media.shalion.com/visibility-screenshots/www.amazon.es/2025-05-17/036875b7-6f36-4a80-a0de-a79c1d726140.png
7f801653e25ceb846e6685dc66f58c74c0ae3c22a4f256f97b6cd62867b7c783,https://media.shalion.com/visibility-screenshots/www.amazon.es/2025-05-17/c582dd41-de16-4e7e-bc15-292133ade013.png
bca01624cf438d1328ff9c1b22f8ee725a28f9650212fd6dcf43a6ec2cba9970,https://media.shalion.com/visibility-screenshots/www.amazon.es/2025-05-17/e945ba60-6cc6-4c96-8cd8-3f2edc9bab95.png
7e7eed07920cc0748b855aa9a4c405b949d55b129be7b16b9206de243647d876,https://media.shalion.com/visibility-screenshots/www.amazon.es/2025-05-17/cdbf399e-bb80-4092-bb47-2d3b5b345ca3.png
a8c661041f6701c85b397a1b6d478069a63a7578a03fd36ab63abc03aef268e1,https://media.shalion.com/visibility-screenshots/www.amazon.es/2025-05-17/894f4ef3-eee9-498f-8837-0e1219520f4e.png
a5514b38fe52f23862bcfaa4ab626f0b7360136b061ff087cd2a9aca403689c8,https://media.shalion.com/visibility-screenshots/www.amazon.es/2025-05-17/d5e3a288-e8ba-4ebb-af00-c366c36f8bbd.png
a530d66eff42d4117abee0eb350063290b9d2c38c823c9864aa5cc9dcb6a5999,https://media.shalion.com/visibility-screenshots/www.amazon.es/2025-05-17/61aaaf6c-2d02-41b3-bd3a-c6f526a9ff66.png
824d5bd0914575ce9f4296c6c837e70c587c6d040bd6346e012761ca77658d28,https://media.shalion.com/visibility-screenshots/www.amazon.es/2025-05-17/0556bd2a-cedf-4ae3-bb1e-f35b354860e9.png
9a51652369cc3fa2f717f6d6747156ad2df703a9561105359215734940446e63,https://media.shalion.com/visibility-screenshots/www.amazon.es/2025-05-17/fb189549-f340-4232-a740-7dcf29e333ed.png
be4f6baa143a2a17df6a1ded04e98b3f1c8e524de6729cf40c3a4c8af3fb6803,https://media.shalion.com/visibility-screenshots/www.amazon.es/2025-05-17/6dc78222-9d8e-4a8a-8f90-8729c3d8020c.png
c335e9666900f69ebf916529c38e627a92dfa41a588fa3416b12dcafcc40bff0,https://media.shalion.com/visibility-screenshots/www.amazon.es/2025-05-17/ba01fdd8-3619-4197-860f-916a19ba05ef.png
be12ddfad8aa46dbfe14ff2988fbd119180d5fbb28e67e91b015b77c1b279f90,"https://m.media-amazon.com/images/S/al-eu-726f4d26-7fdb/0bb782e4-b7af-4234-b979-c36bd5c0377b._CR0,0,1148,448_AC_SL278_CB1169409_QL70_.png"
aa1a66d7ab731fd440797d2ae85dd9d7782d8f6d7a3a8af15bdd22309ecca472,https://m.media-amazon.com/images/S/al-eu-726f4d26-7fdb/a4044c74-63f1-49dd-963f-06d64eb06ccf.mp4/r/THUMBNAIL_360P_FRAME_3_CAPTURE_2.JPG
8423842f70d20b67c39317801bbd614e37014ef71da506bc847dfa037dde1cce,https://media.shalion.com/visibility-screenshots/www.amazon.es/2025-05-17/15cf8f6d-fcba-43c8-a40f-9fdff5bc2d44.png
7a749b6469f633826c1101b20e157a70d5a2314c1ba4ff51a5227389e2bc4b29,https://media.shalion.com/visibility-screenshots/www.amazon.es/2025-05-17/7bf45508-3ec9-449a-8f1e-588b87ed7062.png
87566605d62fa1879c2da3ae2b0814ce97a1fd5dd5174ca1e5f5288b02d663a2,https://media.shalion.com/visibility-screenshots/www.amazon.es/2025-05-17/626dbd17-2c8e-46dc-8aef-d5243c75d69b.png
8ec0c04bf7d6a11db156bdb78c8d49edef527bcb7bab779e412ad117c5222623,https://media.shalion.com/visibility-screenshots/www.amazon.es/2025-05-17/9583dc14-15eb-4a41-8273-518b12db25ab.png
9f454d270cab1037b8a93dbf59b7b5285d1484d97b62acfa123a58b56de42380,https://media.shalion.com/visibility-screenshots/www.amazon.es/2025-05-17/b271547e-ba17-43e4-b530-fff0402650eb.png
946e84480cf0d971c567fa8017badc003d1bbd242813299e3befd5b9b1e42956,https://media.shalion.com/visibility-screenshots/www.amazon.es/2025-05-17/7ff03ef8-8f11-48e8-b38e-eea5ae61846d.png
b56c8d823118014f5f384bcfb133f6672dde59204323d3c1e760d83064dc361c,https://media.shalion.com/visibility-screenshots/www.amazon.es/2025-05-17/0d584110-a408-45cb-9eaa-19b0492a28ed.png
7f57fedb1c4a806fcdd3ede055c2efe6bc93b12fb485cabf6931f40ca9672251,https://media.shalion.com/visibility-screenshots/www.amazon.es/2025-05-17/e62a005e-fe8c-40aa-8b1b-d2b800572ff5.png
8315d3763b4e113d6ad258742797c3cd9b16164a542933d6274e0a3a700cee14,https://media.shalion.com/visibility-screenshots/www.amazon.es/2025-05-17/ca5c04eb-5b88-4e1b-bba9-bf358c6f00f0.png
a46d4d050823f84adf7b2d28a25383fadef4de85f71be3f934252a1777452ead,https://media.shalion.com/visibility-screenshots/www.amazon.es/2025-05-17/25ae4afa-9da3-4884-8f4c-e43fd0f9c441.png
a020f26d3328737eafcd89002e34f2391003e200279072489bd3fb77a28ed9d3,https://media.shalion.com/visibility-screenshots/www.amazon.es/2025-05-17/992034d0-aa92-4117-8077-29d151716fc0.png
908908024a1e0720870c249bca936bc31e61cbe0babd273bee09536b1713588b,https://media.shalion.com/visibility-screenshots/www.amazon.es/2025-05-17/5ea4df35-809a-4d8a-a4e7-b2efd482bac2.png
b56ffa4fe4e2bcd5075539195bbdc38c6b80b4aefbb8132f81d3701b4786190e,https://media.shalion.com/visibility-screenshots/www.amazon.es/2025-05-17/242607aa-561e-4d1b-a29a-be537a2ec07e.png
9ff86ac4113de91572e19b6f74bef3d43f838fa259286e6cc398830f36d50343,https://media.shalion.com/visibility-screenshots/www.amazon.es/2025-05-17/ed7a7fb2-2727-473a-afa6-b3202d592d7d.png
caa4de23084928e862238c391771554f1f3daf72d1fe0f78ebeab7e7b5fe8812,https://media.shalion.com/visibility-screenshots/www.amazon.es/2025-05-17/9953e3f5-58cb-47be-ab2a-821a3cd165e1.png
a1fecb3444728b128d5a3c0b542a7e748d8ea9372738d2350a692c161c953359,https://media.shalion.com/visibility-screenshots/www.amazon.es/2025-05-17/c9fadb05-2487-4ec8-995a-7c9f1ba99407.png
8f52ac1ccb27b035cb248d12b7411c981d821a8fb3a844c19f95da354deac328,https://media.shalion.com/visibility-screenshots/www.amazon.es/2025-05-17/572398f4-0751-42fa-b835-cc60c113c93d.png
ff5d82a931412ba13c3115066a5d2d7166e2def323e24e50a69c6af0bb9ffbe9,https://media.shalion.com/visibility-screenshots/www.amazon.es/2025-05-17/c9348a22-cbfd-43a1-96f7-2c295e455503.png
fb794c605847dc4acbfc79d6a0ae0c5398a796016c34650de0c409424021d848,https://media.shalion.com/visibility-screenshots/www.amazon.es/2025-05-17/ff113316-696a-4667-ac20-d3b3a1a6e229.png
7e030a72b73d160e83840366cbe26b6caefa24180f3d9a37099c4071211739ae,https://media.shalion.com/visibility-screenshots/www.amazon.es/2025-05-17/5e6ee7a4-7177-4f4c-9fb5-4e53195aca8a.png
7c303b9b6452e9ecbcbda948bdbf793ab88af41374fbc9346e16417a9b0fc6e4,https://media.shalion.com/visibility-screenshots/www.amazon.es/2025-05-17/6bd86559-720f-405f-85bb-7af1c5a4080f.png
a594cd531267fcdff84ecf3b00fa5cb26af39487b63ec8334d7ddb27863f2cf2,https://media.shalion.com/visibility-screenshots/www.amazon.es/2025-05-17/7e6fddbf-6468-4352-be52-8882c3d2ebf1.png
9e815caa8b1a4fdce16f5e896d813066fd900659be6a04b86a2e759925cb6c9f,https://media.shalion.com/visibility-screenshots/www.amazon.es/2025-05-17/4fae6550-7ff6-4e4f-8d91-3b849e779f6e.png
7eadf3a04ed680500cc4bf9c6ff91564bafcf04fe6188aaac5c42ec4e2c693ec,https://media.shalion.com/visibility-screenshots/www.amazon.es/2025-05-17/d1497da2-1174-4eee-bab1-96b237c4bfa2.png
939dc1c41a11b2dcc0645ac9c9da53880916647056873e61e07c3009fc6f7671,https://media.shalion.com/visibility-screenshots/www.amazon.es/2025-05-17/d89ddb5b-d277-448b-bb72-c5450bd3a228.png
ae06261d172d4ac5b700befc06408fc152fb57c77e381a95ccbee378133b1742,https://media.shalion.com/visibility-screenshots/www.amazon.es/2025-05-17/c1db261b-8929-4d1a-8ada-1df7047cb9dc.png
c8333d10d0750bba8e2edaa5966a1530c5b45d18f944b720cc2ccd5586062242,https://media.shalion.com/visibility-screenshots/www.amazon.es/2025-05-17/ac3f2017-4806-4bc6-96c9-5ab350faf314.png
9e0ffeb16ce03189cb7d8ae61d0e27b9ab0c1a69eb10e67b901beb2bd31eef25,https://media.shalion.com/visibility-screenshots/www.amazon.es/2025-05-17/b0fb6d69-466a-4aab-9eb5-5097f4c463a7.png
fb2f06f4fc809e6752780358c3b8b1c77509979f5afa194e503e24e4db18442b,https://media.shalion.com/visibility-screenshots/www.amazon.es/2025-05-17/6ca9cfc1-688c-4791-8f21-4b150ac16cee.png
7d6349a1a11668556727039a9a1b1d23dd805c14945723fe44d0a3c9db77e9c8,https://media.shalion.com/visibility-screenshots/www.amazon.es/2025-05-17/f17a72f3-457c-4262-8751-7e27ae06d40e.png
c0efd9a806b727e3653ebb20bf38b40a74b6dd9a4ca696f571096578bb6f7677,https://media.shalion.com/visibility-screenshots/www.amazon.es/2025-05-17/d9cdd75b-6759-479b-a750-07ab592f81cc.png
a37f6a915cc867fac6aaef2f343ae2ad5cd572075a4bca52b8e4590d25e7e5a1,https://media.shalion.com/visibility-screenshots/www.amazon.es/2025-05-17/f548ca27-dcf7-45d2-9f17-e7fd251d9fb0.png
91f2caa15d832d7340c8de53ab23929a51550173bae68da357e3dc1a67ba887e,https://media.shalion.com/visibility-screenshots/www.amazon.es/2025-05-17/6b00cd2c-4757-4b84-96f6-40ea96b806eb.png
8f0a7288aa74f29cfa2f97bad07a16cec32346438f4078d8ec2f9dc73c47259a,https://media.shalion.com/visibility-screenshots/www.amazon.es/2025-05-17/4c953a0e-ba76-4366-9c1d-cb64f8f6ffa5.png
c0a5d43825fa5c274760fb488511129d9f9ce3e2f9ed96922114ee2002660b16,https://media.shalion.com/visibility-screenshots/www.amazon.es/2025-05-17/4dd4ff8d-29b9-4f9b-a622-f9572f61490f.png
9a8f7187b5e7d6a541274fa1b10c34d54f8cfa2c9108257e28fc96f8e14c9e02,https://media.shalion.com/visibility-screenshots/www.amazon.es/2025-05-17/1ab2872e-8c62-4853-9205-81596a2b80eb.png
fccb8527c777e0347ff9227b79e0df6c7631f980125395b800f7653670f9ecf4,https://m.media-amazon.com/images/S/al-eu-726f4d26-7fdb/6cf36281-c630-490c-abe7-61f1bb3a538c.mp4/productVideoOptimized.mp4
a5acc0d57d554219fe8a803f3b2305ec461ac1f1863879fc5230193b737ec646,https://media.shalion.com/visibility-screenshots/www.amazon.es/2025-05-17/8c5a6920-cf91-4fc1-8aae-0d30d68734d2.png
aa5e0f89279ea5c5cf4eed301c115604d6572a28103c1289d6b28c17016a1022,https://media.shalion.com/visibility-screenshots/www.amazon.es/2025-05-17/508a7517-247d-4b57-940f-c53b4eb8c3db.png
7ef5df6af30f77be35bd3a8c641384520ce4d5f7a17bc8b339f3a3eeeafe2d1d,https://media.shalion.com/visibility-screenshots/www.amazon.es/2025-05-17/e139eabf-0463-4ed0-9670-a253a0f0c4fb.png
9e67f02a648cd4f451b71c9d51e59dc7a172e6abd6de5fa9630c4cbab4956174,https://media.shalion.com/visibility-screenshots/www.amazon.es/2025-05-17/61bb87af-745a-45fc-8e32-d1693ae51b9b.png
8b1817ab12a20d5eed788292cc5dcb6bd0ab09cfebcd6b0dd6e09f7a23efc5bc,https://media.shalion.com/visibility-screenshots/www.amazon.es/2025-05-17/4be7289a-d0ed-4865-bdd8-2c579ea55a7f.png
c17dfb473120bd02bc62d8f2f812826b522e5c1faa75ba5e01cda0be8b1b3a31,https://media.shalion.com/visibility-screenshots/www.amazon.es/2025-05-17/c7a87eeb-250b-4c8f-b97e-783608ef9ed1.png
79f2d2e4b05feece4dae070f08d56704146495bba1a1f68f7768d3197b876ccc,https://media.shalion.com/visibility-screenshots/www.amazon.es/2025-05-17/ed657bba-5b54-4ab9-ba2c-3137e088ec62.png
79e0c6ddd441181ae16ca67ddf9dd8ee3814860832b3054b3d86fa808e1901c1,https://media.shalion.com/visibility-screenshots/www.amazon.es/2025-05-17/1abb00ff-26bf-44e5-80ed-67d6fa181b64.png
bf115bf34d11e082a0137beb08def6d640b0d0e57ce6085fb9b766b6bc439189,https://media.shalion.com/visibility-screenshots/www.amazon.es/2025-05-17/48d8d8ee-5ad5-46c3-b888-6c96d51ff744.png
b95718917ff500fa2fbc295d38e36d4ce7df77348f229336bd9ee238f349cd13,https://media.shalion.com/visibility-screenshots/www.amazon.es/2025-05-17/cb2621aa-4436-48ea-8d12-74b61cfe09da.png
9fbe3f34720a00c4901263b78fce98aee858e9f2a43a934f7fc23ae4cddc5ce5,https://media.shalion.com/visibility-screenshots/www.amazon.es/2025-05-17/90b2feba-0460-4956-9b4f-c4ac90a65725.png
922d6883c4fc46191270f9c77ac44b1658059bc74713769cdb3022a22640cda5,https://media.shalion.com/visibility-screenshots/www.amazon.es/2025-05-17/81ed664d-9cbd-4d3a-b80b-ca8bc3b6278b.png
9d4c6b201788bacf0431fdbf014c612ca88d08f4bdeb2df1ef55712931a65c15,https://media.shalion.com/visibility-screenshots/www.amazon.es/2025-05-17/9e878444-9660-4961-bc96-7d867fae5130.png
9b1b84902799b82bc4f2601f2ecbe2e7c1f24a07ed80e6b5387959ce35b0eeab,https://media.shalion.com/visibility-screenshots/www.amazon.es/2025-05-17/bde52846-f037-489b-b8fa-1bc389d69e14.png