IMAGE_ID,IMAGE_URL
9fc17e26066279b3e34c5d4ac04334fc2f11396d5f932e5843f0515b3d8c3850,https://cdn.dsmcdn.com/ty1680/tr-regular-banner/3bc4b0fb-2621-4676-8fee-de3b655cea99tr_3232065.jpeg
b302d2ca30fcde3cffcb54b645a0c556e9cc0cd9344906d4b3bf00bb1c014ff8,https://cdn.dsmcdn.com/ty1682/tr-regular-banner/d183456d-b9ca-4a3d-b35c-69ac325e7df1tr_3163917.jpeg
aa86b063fa7c72c7809e8eebcbf8e18388159ea29f3e466e8c9374f966465373,https://cdn.dsmcdn.com/ty1680/tr-regular-banner/8844ece3-c568-4d20-aef9-b695585785b6tr_3238700.jpeg
b65cffbed2cf112f61473e1e489a67869c291dcc36febb4429df6fd61aac6f07,https://cdn.dsmcdn.com/ty1681/tr-regular-banner/66a94559-f844-4c13-bfc1-de7fbc64ed50tr_3213034.jpeg
b58152aae902330c428f9a2542443dedef23a71f0ae23964bb167e83e3761f52,https://cdn.dsmcdn.com/ty1682/tr-regular-banner/6802481d-d4b6-4408-9641-8343525afa41tr_3208396.jpeg
c566cb55f9b3ade9953c5dc8398993c20ec30de2e48245b072af0ae73411eeff,https://cdn.dsmcdn.com/seller-ads/ty-ads/images/203747_4c392960-66de-44e8-a2cb-b2308e3dac15.jpg
98682d5da11f44ea0f0899576d2bba3588f29e9f3c592bb71778b6bb02708754,https://cdn.dsmcdn.com/ty1681/tr-regular-banner/2a863161-c7bc-4781-bd34-cb0061b018d2tr_3238110.jpeg
83faa137c8dc57ff38306ab3ad6f0403d7f9e2a14a3650e71404401990bc377e,https://cdn.dsmcdn.com/ty1681/tr-regular-banner/1ed145e7-40af-4b1f-a727-966d83109f9atr_3238532.jpeg
7f425f790672fedda5837d3113d5ed5ec532aa58b631ee154aaf41d50b33f4fd,https://cdn.dsmcdn.com/ty1682/tr-regular-banner/1924ef3e-7e22-4972-b97f-ba7dcfa18b4ftr_3237831.jpeg
c3689b64f785c0b57a2aed2fff694eb07c0d6630f7b2089e85ad341fcec1af45,https://cdn.dsmcdn.com/ty1682/tr-regular-banner/fb628891-2c69-42dd-8918-d7b0cbcbb2b8tr_3238640.jpeg
ac0a829a9ad1498e3233b3a14289fe4e4e6ccb16eec2d55778c2612b9943a7ab,https://cdn.dsmcdn.com/ty1680/tr-regular-banner/317cee3e-c5b8-4473-b5f2-a6376e415104tr_3238677.jpeg
a2f5ecad203c576a6e49c4c80ca160346e2b42ac336d01f0dcd1b86086d81b20,https://cdn.dsmcdn.com/ty1681/tr-regular-banner/2217a748-b3f7-45ba-9802-86b034755ad1tr_3238380.jpeg
83faa137c8dc57ff38306ab3ad6f0403d7f9e2a14a3650e71404401990bc377e,https://cdn.dsmcdn.com/ty1681/tr-regular-banner/1ed145e7-40af-4b1f-a727-966d83109f9atr_3238532.jpeg
8a2887adfa0daeb244fc43f4049fc18b2617e05b3bc625e044529ac790404a2c,https://cdn.dsmcdn.com/ty1680/tr-regular-banner/12daf9bc-7923-47dd-a439-f1ed1f1d186dtr_2702466.jpeg
b8282a50c5e5856b1147b31c081faf1806b584bf08964514503d0f9c472bddfa,https://cdn.dsmcdn.com/ty1680/tr-regular-banner/295d5485-d0ae-473e-b5d0-6f31591549f0tr_2825502.jpeg
b8282a50c5e5856b1147b31c081faf1806b584bf08964514503d0f9c472bddfa,https://cdn.dsmcdn.com/ty1680/tr-regular-banner/295d5485-d0ae-473e-b5d0-6f31591549f0tr_2825502.jpeg
b58152aae902330c428f9a2542443dedef23a71f0ae23964bb167e83e3761f52,https://cdn.dsmcdn.com/ty1682/tr-regular-banner/6802481d-d4b6-4408-9641-8343525afa41tr_3208396.jpeg
a47a8af510ce7a6528a11665f0321685942a6c5baaeb67903c5c8dad6a30cad5,https://cdn.dsmcdn.com/ty1680/tr-regular-banner/ec2db72b-69cd-47ff-8d15-3c722c0f4558tr_2440272.jpeg
86306700d646a4cb5080708c226cff8668fc03e73c0f5735160f39f3247c7f85,https://cdn.dsmcdn.com/ty1682/tr-regular-banner/e503c723-1699-4fab-9359-4affa4c69147tr_3237828.jpeg
9fc17e26066279b3e34c5d4ac04334fc2f11396d5f932e5843f0515b3d8c3850,https://cdn.dsmcdn.com/ty1680/tr-regular-banner/3bc4b0fb-2621-4676-8fee-de3b655cea99tr_3232065.jpeg
aade076a7d76b385919411ca971832e5e1da33b7b924b6d47f52845152fd1951,https://cdn.dsmcdn.com/ty1681/tr-regular-banner/0bdb4306-0d81-45e8-bfce-1c827306ec18tr_3238667.jpeg
b2c9a8bfd5eb03b8610e30ea9f94fe03048b6b0238cb5392a35d004a141a8f78,https://cdn.dsmcdn.com/ty1682/tr-regular-banner/aaaeadda-3ebc-4083-b42d-00b56528bd19tr_3230302.jpeg
7ccfd5b1c2e9f33dae2b013b0fc2b15ca8811d08b6a783e10c698c33d8d2190a,https://cdn.dsmcdn.com/ty1681/tr-regular-banner/573ca8f8-6a23-4c55-9626-ca6427096302tr_3237743.jpeg
a2f5ecad203c576a6e49c4c80ca160346e2b42ac336d01f0dcd1b86086d81b20,https://cdn.dsmcdn.com/ty1681/tr-regular-banner/2217a748-b3f7-45ba-9802-86b034755ad1tr_3238380.jpeg
af72eea77865f93971d431d4ed9750ed5f391a1b31d61addcf2300585c4882cf,https://cdn.dsmcdn.com/ty1680/tr-regular-banner/6c0c0f3e-3e1a-4431-8522-3af4ddb5b95ctr_3238687.jpeg
b46ad4435596990c90b79ed0efd1c2583436da7191012ab5a1cbedb0516b9650,https://cdn.dsmcdn.com/ty1680/tr-regular-banner/961b9ed4-e369-4f97-983a-42a7a960afbbtr_3233755.jpeg
ffcadc7aa998fcb829f268d31e636915da34674b34c954be7fc68e55f97f2738,https://cdn.dsmcdn.com/ty1682/tr-regular-banner/07039597-acab-43e8-b862-3d7d157d7010tr_3238013.jpeg
aade076a7d76b385919411ca971832e5e1da33b7b924b6d47f52845152fd1951,https://cdn.dsmcdn.com/ty1681/tr-regular-banner/0bdb4306-0d81-45e8-bfce-1c827306ec18tr_3238667.jpeg
a47a8af510ce7a6528a11665f0321685942a6c5baaeb67903c5c8dad6a30cad5,https://cdn.dsmcdn.com/ty1680/tr-regular-banner/ec2db72b-69cd-47ff-8d15-3c722c0f4558tr_2440272.jpeg
8a2887adfa0daeb244fc43f4049fc18b2617e05b3bc625e044529ac790404a2c,https://cdn.dsmcdn.com/ty1680/tr-regular-banner/12daf9bc-7923-47dd-a439-f1ed1f1d186dtr_2702466.jpeg
96ab9b16f8b706577fd66701780c5ce0b3ed6d2d562f7bcf2a650782c9b6e909,https://cdn.dsmcdn.com/ty1681/tr-regular-banner/877c879d-9d34-4eaf-b173-3637fc5fc86etr_3237770.jpeg
a9d7a2117e87b2793f3fcf0922a32e6fbea14b9fe6927c5175ac05033712b26f,https://cdn.dsmcdn.com/ty1682/tr-regular-banner/0658d740-895a-4924-9c7d-40f0f32958bbtr_3238588.jpeg
c9b7d0a96f4b3acfbb0e92270871c8af07c6d9e9e54f09c2250d74bdbed4ce75,https://cdn.dsmcdn.com/ty1680/tr-regular-banner/fdd46088-f08a-4c21-91ae-278be2792984tr_3238163.jpeg
b2c9a8bfd5eb03b8610e30ea9f94fe03048b6b0238cb5392a35d004a141a8f78,https://cdn.dsmcdn.com/ty1682/tr-regular-banner/aaaeadda-3ebc-4083-b42d-00b56528bd19tr_3230302.jpeg
c9b7d0a96f4b3acfbb0e92270871c8af07c6d9e9e54f09c2250d74bdbed4ce75,https://cdn.dsmcdn.com/ty1680/tr-regular-banner/fdd46088-f08a-4c21-91ae-278be2792984tr_3238163.jpeg
c3689b64f785c0b57a2aed2fff694eb07c0d6630f7b2089e85ad341fcec1af45,https://cdn.dsmcdn.com/ty1682/tr-regular-banner/fb628891-2c69-42dd-8918-d7b0cbcbb2b8tr_3238640.jpeg
7ccfd5b1c2e9f33dae2b013b0fc2b15ca8811d08b6a783e10c698c33d8d2190a,https://cdn.dsmcdn.com/ty1681/tr-regular-banner/573ca8f8-6a23-4c55-9626-ca6427096302tr_3237743.jpeg
b302d2ca30fcde3cffcb54b645a0c556e9cc0cd9344906d4b3bf00bb1c014ff8,https://cdn.dsmcdn.com/ty1682/tr-regular-banner/d183456d-b9ca-4a3d-b35c-69ac325e7df1tr_3163917.jpeg
af72eea77865f93971d431d4ed9750ed5f391a1b31d61addcf2300585c4882cf,https://cdn.dsmcdn.com/ty1680/tr-regular-banner/6c0c0f3e-3e1a-4431-8522-3af4ddb5b95ctr_3238687.jpeg
8878fe8f69e68327819e10a04320cfa23ab138102a25150ccba47d889d37bdd0,https://cdn.dsmcdn.com/ty1680/tr-regular-banner/e8d44457-6f1a-40c3-ba4b-d7d638a47d4atr_3237037.jpeg
86306700d646a4cb5080708c226cff8668fc03e73c0f5735160f39f3247c7f85,https://cdn.dsmcdn.com/ty1682/tr-regular-banner/e503c723-1699-4fab-9359-4affa4c69147tr_3237828.jpeg
ffcadc7aa998fcb829f268d31e636915da34674b34c954be7fc68e55f97f2738,https://cdn.dsmcdn.com/ty1682/tr-regular-banner/07039597-acab-43e8-b862-3d7d157d7010tr_3238013.jpeg
ac0a829a9ad1498e3233b3a14289fe4e4e6ccb16eec2d55778c2612b9943a7ab,https://cdn.dsmcdn.com/ty1680/tr-regular-banner/317cee3e-c5b8-4473-b5f2-a6376e415104tr_3238677.jpeg
aa63e154095cb1968078c6c3bf9a53d33f642e67a676f5e68cba42a4fa991f74,https://cdn.dsmcdn.com/ty1682/tr-regular-banner/3d631c96-1592-4094-9083-d854adeac301tr_3238701.jpeg
b46ad4435596990c90b79ed0efd1c2583436da7191012ab5a1cbedb0516b9650,https://cdn.dsmcdn.com/ty1680/tr-regular-banner/961b9ed4-e369-4f97-983a-42a7a960afbbtr_3233755.jpeg
c566cb55f9b3ade9953c5dc8398993c20ec30de2e48245b072af0ae73411eeff,https://cdn.dsmcdn.com/seller-ads/ty-ads/images/203747_4c392960-66de-44e8-a2cb-b2308e3dac15.jpg
aa63e154095cb1968078c6c3bf9a53d33f642e67a676f5e68cba42a4fa991f74,https://cdn.dsmcdn.com/ty1682/tr-regular-banner/3d631c96-1592-4094-9083-d854adeac301tr_3238701.jpeg
aa86b063fa7c72c7809e8eebcbf8e18388159ea29f3e466e8c9374f966465373,https://cdn.dsmcdn.com/ty1680/tr-regular-banner/8844ece3-c568-4d20-aef9-b695585785b6tr_3238700.jpeg
7f425f790672fedda5837d3113d5ed5ec532aa58b631ee154aaf41d50b33f4fd,https://cdn.dsmcdn.com/ty1682/tr-regular-banner/1924ef3e-7e22-4972-b97f-ba7dcfa18b4ftr_3237831.jpeg
8878fe8f69e68327819e10a04320cfa23ab138102a25150ccba47d889d37bdd0,https://cdn.dsmcdn.com/ty1680/tr-regular-banner/e8d44457-6f1a-40c3-ba4b-d7d638a47d4atr_3237037.jpeg
96ab9b16f8b706577fd66701780c5ce0b3ed6d2d562f7bcf2a650782c9b6e909,https://cdn.dsmcdn.com/ty1681/tr-regular-banner/877c879d-9d34-4eaf-b173-3637fc5fc86etr_3237770.jpeg
b65cffbed2cf112f61473e1e489a67869c291dcc36febb4429df6fd61aac6f07,https://cdn.dsmcdn.com/ty1681/tr-regular-banner/66a94559-f844-4c13-bfc1-de7fbc64ed50tr_3213034.jpeg
a9d7a2117e87b2793f3fcf0922a32e6fbea14b9fe6927c5175ac05033712b26f,https://cdn.dsmcdn.com/ty1682/tr-regular-banner/0658d740-895a-4924-9c7d-40f0f32958bbtr_3238588.jpeg
98682d5da11f44ea0f0899576d2bba3588f29e9f3c592bb71778b6bb02708754,https://cdn.dsmcdn.com/ty1681/tr-regular-banner/2a863161-c7bc-4781-bd34-cb0061b018d2tr_3238110.jpeg
